id,category,description,location,riskLevel
3004,security,"hostel main entry doors breached, intruder threatening occupants. Please resolve this quickly.",Hostel E Water Tank Area,high
2607,sanitation,"kitchen waste disposal clogged, attracting stray animals near entrance",Hostel B Main Electrical Room,medium
2619,sanitation,blocked urinal overflowing dirty water onto restroom floor. Very concerning situation.,Hostel B Corridor 3rd Floor,medium
2967,security,emergency security phone box on campus pathway broken and unresponsive,Hostel D Room 412,medium
3118,other,room curtain rod bracket is slightly bent,Hostel C Room 305,low
3378,other,toxic fume release from basement laboratory drifting into student dorms,Hostel D Server Rack Room,high
1641,network,DNS lookup seems slightly delayed on hostel subnet. Happening since last night.,Hostel E Room 501,low
1005,electrical,fluorescent tube in bathroom takes a few seconds to light up,Hostel B Balcony,low
2461,structural,roof concrete slab cracking open with pieces falling into top floor rooms. Happening since last night.,Hostel A Room 102,high
1880,network,"data center core switch overheating and shutdown, all emergency lines down. Please send someone to check as soon as possible.",Hostel B Main Electrical Room,high
1519,plumbing,Sewage pipe burst with toxic foul water overflowing across hostel hallway,Central Canteen Kitchen Area,high
1875,network,"ransomware or malicious attack suspected, all gateway routers failing simultaneously",Hostel D Terrace Access,high
1790,network,DHCP server not assigning IP addresses to students on hostel network,Hostel E Water Tank Area,medium
2515,sanitation,dust accumulated on common room window ledges. Very concerning situation.,Hostel C Staircase,low
1196,electrical,two sockets in room 214 have completely stopped providing power. Students are worried about safety.,Hostel C Basement Study Room,medium
2525,sanitation,recycling bin overflowing with empty cardboard boxes,Hostel C Staircase,low
1195,electrical,"room circuit tripped twice while running iron and laptop, power cutoff in our room. Please send someone to check as soon as possible.",Hostel A Room 102,medium
3028,security,kidnapping or severe security threat reported on campus grounds,Hostel D Room 412,high
1136,electrical,sparking sound heard when inserting 3-pin laptop adapter into wall socket. Needs urgent inspection.,Hostel D Terrace Access,medium
1747,network,local area network down for all rooms on the west corridor,Hostel D Terrace Access,medium
1247,electrical,student got electrical shock from metallic water cooler body on floor 2,Hostel B Corridor 3rd Floor,high
3334,other,"roof water tank collapsed through ceiling into top floor rooms, students trapped",Hostel D Cafeteria,high
1127,electrical,"room circuit tripped twice while running iron and laptop, power cutoff in our room. Needs urgent inspection.",Hostel C Staircase,medium
1561,plumbing,water entering room through light fixtures from flooded floor above. Please send someone to check as soon as possible.,Hostel A Ground Floor Lobby,high
1845,network,"ransomware or malicious attack suspected, all gateway routers failing simultaneously. Very concerning situation.",Hostel C Basement Study Room,high
1335,plumbing,bathroom sink tap handle is a bit tight to turn off completely,Hostel D Cafeteria,low
3284,other,student trapped inside study room due to jammed door knob,Hostel B Main Electrical Room,medium
2245,structural,wardrobe door hinge is squeaking and slightly misaligned. Needs urgent inspection.,Hostel B Balcony,low
2067,fire_safety,emergency exit staircase blocked by discarded furniture and old mattresses. Happening since last night.,Gymnasium Locker Room,medium
2835,security,intercom phone to main guard gate has slight static noise. Reported this earlier today.,Gymnasium Locker Room,low
1201,electrical,"exposed live wire hanging near wet washroom entrance, serious shock hazard. Students are worried about safety.",Hostel A Room 102,high
1413,plumbing,Toilet flush mechanism broken and overflowing into drainage pan. needs urgent inspection.,Main Auditorium Hall B,medium
1179,electrical,two sockets in room 214 have completely stopped providing power. Happening since last night.,Academic Block 1 Room 101,medium
2630,sanitation,stagnant water pool near water purifier breeding mosquitoes. Happening since last night.,Hostel F Room 118,medium
2421,structural,"severe structural compromise, beam cracking loudly above dining hall. Kindly update ticket status once inspected.",Hostel E Room 501,high
1957,fire_safety,plastic cover on emergency break-glass box is cracked,Hostel C Basement Study Room,low
2597,sanitation,dustbin in common corridor is full and needs daily emptying,Hostel E Water Tank Area,low
1307,plumbing,"Tap slowly dripping in bathroom sink, bucket placed underneath",Gymnasium Locker Room,low
2645,sanitation,black mold spreading rapidly along damp bathroom walls and ceiling,Hostel C Staircase,medium
1801,network,"catastrophic network outage across entire institution, security systems offline",Hostel E Water Tank Area,high
2122,fire_safety,explosion sound followed by fire in chemical storage room near lab,Hostel A Floor 2 Washroom,high
1818,network,"all core routers offline, mission critical services and monitoring halted. Reported this earlier today.",Hostel B Corridor 3rd Floor,high
1100,electrical,reading light bulb needs replacement in the study room,Main Auditorium Hall B,low
1092,electrical,"Study table socket cover plate is loose, need maintenance check",Main Auditorium Hall B,low
1401,plumbing,hot water geyser not heating and leaking water from bottom connection. Kindly update ticket status once inspected.,Hostel F Room 118,medium
1194,electrical,"exhaust fan in floor bathroom stopped working completely, burning smell noticed initially",Hostel B Balcony,medium
3142,other,lost jacket hanging on corridor coat rack,Library 2nd Floor Reading Hall,low
1948,fire_safety,fire bucket sand level is low in ground floor station. Reported this earlier today.,Hostel A Room 102,low
1569,plumbing,"main supply line cracked wide open, stairs transformed into water cascade",Hostel E Room 501,high
3016,security,kidnapping or severe security threat reported on campus grounds. Please send someone to check as soon as possible.,Hostel A Dining Hall,high
2992,security,emergency security phone box on campus pathway broken and unresponsive,Hostel B Main Electrical Room,medium
3147,other,suggestion box key misplaced by hostel committee. Please resolve this quickly.,Library 2nd Floor Reading Hall,low
1375,plumbing,mild condensation on cold water pipe beneath the washbasin,Hostel E Room 501,low
2027,fire_safety,Smoke detector in corridor sounding false alarms intermittently,Hostel C Wing West Common Area,medium
1581,plumbing,"strong LPG gas smell accompanied by water leakage in mess kitchen area, immediate danger",Hostel B Main Electrical Room,high
2486,structural,"large section of concrete ceiling collapsed into room 214, debris on bed. Please resolve this quickly.",Hostel A Dining Hall,high
1265,electrical,main circuit breaker exploded with loud bang and continuous sparks,Hostel E Water Tank Area,high
1427,plumbing,drain pipe clogged and water backing up into bathroom stall. Happening since last night.,Hostel A Ground Floor Lobby,medium
1610,network,ethernet port in room has a loose latch but connection works. Noticeable smell and noise.,Hostel C Staircase,low
2211,structural,wardrobe door hinge is squeaking and slightly misaligned,Hostel C Staircase,low
2193,fire_safety,emergency fire exit completely blocked while fire is spreading in staircase,Hostel C Wing West Common Area,high
2872,security,gate latch on secondary perimeter fence is loose. Students are worried about safety.,Hostel D Cafeteria,low
1423,plumbing,continuous leak from rooftop overhead tank overflow pipe flooding balcony,Hostel B Balcony,medium
3357,other,"deadly venomous snake sighted inside student room under bed, urgent wildlife rescue",Hostel C Wing West Common Area,high
2198,fire_safety,"strong gas leak detected near mess kitchen cylinder bank, hissing sound and heavy smell",Main Auditorium Hall B,high
1982,fire_safety,fire extinguisher inspection tag in hallway expired last month,Hostel B Room 214,low
3021,security,"armed intruder or violent trespasser reported inside hostel block, lockdown needed. Reported this earlier today.",Hostel E Room 501,high
3289,other,student trapped inside study room due to jammed door knob,Hostel B Balcony,medium
2398,structural,false ceiling panel sagging downward in common study room. Noticeable smell and noise.,Hostel B Balcony,medium
1153,electrical,intermittent power cut in entire wing while other wings have electricity,Hostel A Dining Hall,medium
2161,fire_safety,"flames visible from waste disposal chute on ground floor, spreading fast",Hostel B Corridor 3rd Floor,high
2325,structural,staircase concrete step cracked in half and unstable under foot traffic,Central Canteen Kitchen Area,medium
2348,structural,main corridor entrance glass door cracked and rattling in high wind,Hostel C Room 305,medium
2294,structural,room door needs a stopper installed to prevent banging,Hostel A Room 102,low
3116,other,campus bus schedule poster is outdated and needs update,Hostel A Ground Floor Lobby,low
2100,fire_safety,emergency exit door jammed shut and cannot be pushed open from inside. Students are worried about safety.,Hostel A Room 102,medium
2709,sanitation,hazardous medical or chemical waste dumped illegally behind residential block. Students are worried about safety.,Hostel A Room 102,high
1138,electrical,two sockets in room 214 have completely stopped providing power,Hostel B Corridor 3rd Floor,medium
1556,plumbing,"main supply line cracked wide open, stairs transformed into water cascade",Hostel E Room 501,high
2717,sanitation,hazardous medical or chemical waste dumped illegally behind residential block,Hostel A Room 102,high
2051,fire_safety,Fire hose pipe nozzle cracked and leaking during weekly pressure test. please send someone to check as soon as possible.,Hostel D Cafeteria,medium
1002,electrical,Light switch in corridor is stiff to press. needs urgent inspection.,Hostel D Cafeteria,low
2615,sanitation,black mold spreading rapidly along damp bathroom walls and ceiling. Please resolve this quickly.,Hostel B Balcony,medium
3317,other,"passenger elevator cable snapped and safety brake engaged, 4 students trapped inside in darkness",Hostel C Room 305,high
2529,sanitation,dustbin in common corridor is full and needs daily emptying,Hostel C Room 305,low
2512,sanitation,cobwebs gathered in corner of ceiling in hallway,Hostel D Terrace Access,low
2453,structural,"external facade wall collapse crushing walkway below, immediate evacuation required. Kindly update ticket status once inspected.",Hostel C Staircase,high
2154,fire_safety,explosion sound followed by fire in chemical storage room near lab,Hostel C Wing West Common Area,high
1940,fire_safety,emergency exit sign light bulb on floor 1 appears dim. Affecting multiple students.,Hostel C Room 305,low
1738,network,"core floor switch unresponsive, student exams affected. Reported this earlier today.",Library 2nd Floor Reading Hall,medium
2365,structural,staircase concrete step cracked in half and unstable under foot traffic,Library 2nd Floor Reading Hall,medium
1046,electrical,reading light bulb needs replacement in the study room. Students are worried about safety.,Hostel E Room 501,low
2716,sanitation,hazardous medical or chemical waste dumped illegally behind residential block,Hostel E Water Tank Area,high
3212,other,Loud screeching noise from ventilation shaft disrupting sleep. kindly update ticket status once inspected.,Hostel D Server Rack Room,medium
2818,security,visitor sign-in book at security desk is full and needs replacement. Noticeable smell and noise.,Hostel C Staircase,low
3344,other,Severe allergic reaction / anaphylaxis emergency in dining hall,Hostel B Room 214,high
1632,network,speed test shows 5 Mbps instead of usual 50 Mbps in our room,Hostel A Ground Floor Lobby,low
2320,structural,heavy water seepage causing wall to bulge and paint to peel severely,Hostel D Terrace Access,medium
1724,network,local area network down for all rooms on the west corridor. Please send someone to check as soon as possible.,Hostel D Cafeteria,medium
2345,structural,corridor window frame loosened from concrete wall structure,Academic Block 1 Room 101,medium
1139,electrical,"room circuit tripped twice while running iron and laptop, power cutoff in our room",Gymnasium Locker Room,medium
2955,security,electronic biometric access door stuck in open position allowing anyone entry. Affecting multiple students.,Hostel C Staircase,medium
1564,plumbing,sewage pipe burst with toxic foul water overflowing across hostel hallway. Please send someone to check as soon as possible.,Hostel D Server Rack Room,high
2448,structural,corridor floor slab sagging and separating from main wall joint. Very concerning situation.,Hostel C Staircase,high
2022,fire_safety,fire exit route obstructed by heavy storage boxes,Hostel B Balcony,medium
3345,other,"passenger elevator cable snapped and safety brake engaged, 4 students trapped inside in darkness",Hostel C Basement Study Room,high
1577,plumbing,sewage pipe burst with toxic foul water overflowing across hostel hallway,Hostel C Basement Study Room,high
1919,fire_safety,plastic cover on emergency break-glass box is cracked. Affecting multiple students.,Main Auditorium Hall B,low
2954,security,perimeter fence wire cut behind hostel sports ground,Hostel C Staircase,medium
3017,security,"panic alarm triggered in residential wing, active intruder alert",Hostel A Ground Floor Lobby,high
1353,plumbing,Washbasin drain is draining slowly after brushing teeth,Gymnasium Locker Room,low
2204,structural,small hairline crack on bedroom plaster near the window sill. Please resolve this quickly.,Gymnasium Locker Room,low
1207,electrical,main circuit breaker exploded with loud bang and continuous sparks,Hostel D Terrace Access,high
2778,sanitation,hazardous medical or chemical waste dumped illegally behind residential block,Hostel B Main Electrical Room,high
3248,other,loud screeching noise from ventilation shaft disrupting sleep. Affecting multiple students.,Gymnasium Locker Room,medium
1300,electrical,"active electrical fire in junction box near room 305, burning plastic smell and flames",Gymnasium Locker Room,high
2364,structural,Main corridor entrance glass door cracked and rattling in high wind,Hostel A Dining Hall,medium
2549,sanitation,water cooler drip tray needs cleaning and sanitizing,Hostel C Basement Study Room,low
1870,network,network core failure disabling campus biometric security gates and CCTV stream. Students are worried about safety.,Hostel D Server Rack Room,high
2941,security,ground floor window security grill loose and screws removed. Kindly update ticket status once inspected.,Main Auditorium Hall B,medium
1216,electrical,"smoke billowing from electrical duct on third floor, emergency isolation needed. Happening since last night.",Hostel D Cafeteria,high
1050,electrical,power outlet feels a little loose when plugging in laptop charger,Hostel C Wing West Common Area,low
1937,fire_safety,smoke detector green indicator LED is not blinking in room 104. Very concerning situation.,Library 2nd Floor Reading Hall,low
3099,security,"Student assaulted in hostel staircase, immediate security and medical dispatch required",Hostel A Floor 2 Washroom,high
1927,fire_safety,emergency exit sign light bulb on floor 1 appears dim,Hostel C Basement Study Room,low
2756,sanitation,severe contamination of drinking water system with sewage infiltration,Hostel D Terrace Access,high
3204,other,Broken glass bottles scattered across basketball court walkway,Hostel B Balcony,medium
1596,plumbing,flooding in basement electrical substation from burst storm drain pipe,Central Canteen Kitchen Area,high
3316,other,severe chemical spill in corridor causing eye irritation and breathing distress. Happening since last night.,Hostel D Cafeteria,high
1994,fire_safety,plastic cover on emergency break-glass box is cracked,Hostel F Room 118,low
1212,electrical,student got electrical shock from metallic water cooler body on floor 2,Hostel E Water Tank Area,high
3351,other,toxic fume release from basement laboratory drifting into student dorms. Please resolve this quickly.,Hostel A Room 102,high
1916,fire_safety,hose reel cabinet door latch is stiff to open,Hostel D Cafeteria,low
2518,sanitation,housekeeping missed morning sweeping in wing C corridor,Library 2nd Floor Reading Hall,low
1528,plumbing,flooding in basement electrical substation from burst storm drain pipe. Happening since last night.,Hostel D Terrace Access,high
2984,security,emergency security phone box on campus pathway broken and unresponsive. Please send someone to check as soon as possible.,Hostel F Room 118,medium
2205,structural,wooden study desk drawer sticks when opening,Academic Block 1 Room 101,low
1485,plumbing,toilet flush mechanism broken and overflowing into drainage pan. Noticeable smell and noise.,Gymnasium Locker Room,medium
2162,fire_safety,"flames visible from waste disposal chute on ground floor, spreading fast",Hostel C Room 305,high
2173,fire_safety,major electrical fire spreading along cable tray across residential floor. Please send someone to check as soon as possible.,Central Canteen Kitchen Area,high
3180,other,clock in study room is running 15 minutes slow,Hostel D Server Rack Room,low
1268,electrical,student got electrical shock from metallic water cooler body on floor 2. Very concerning situation.,Hostel B Room 214,high
1037,electrical,reading light bulb needs replacement in the study room,Hostel C Room 305,low
1926,fire_safety,plastic cover on emergency break-glass box is cracked. Very concerning situation.,Central Canteen Kitchen Area,low
2542,sanitation,dustbin in common corridor is full and needs daily emptying. Kindly update ticket status once inspected.,Hostel A Floor 2 Washroom,low
1119,electrical,"room circuit tripped twice while running iron and laptop, power cutoff in our room. Reported this earlier today.",Hostel D Room 412,medium
2064,fire_safety,fire alarm panel beeping continuously with yellow fault warning light. Happening since last night.,Hostel B Balcony,medium
2596,sanitation,recycling bin overflowing with empty cardboard boxes,Hostel B Room 214,low
1113,electrical,power socket feels warm to the touch after using for an hour. Affecting multiple students.,Hostel D Cafeteria,medium
1751,network,"wifi access point on 2nd floor completely dead, no SSID broadcasting",Hostel A Dining Hall,medium
3250,other,loud screeching noise from ventilation shaft disrupting sleep,Hostel C Staircase,medium
1308,plumbing,shower head has slightly low water pressure in room washroom,Hostel B Room 214,low
1857,network,network core failure disabling campus biometric security gates and CCTV stream,Central Canteen Kitchen Area,high
3206,other,elevator getting stuck between floors 2 and 3 intermittently,Main Auditorium Hall B,medium
2605,sanitation,"kitchen waste disposal clogged, attracting stray animals near entrance",Gymnasium Locker Room,medium
2308,structural,sunshade slab outside 2nd floor window showing visible cracks and sag. Very concerning situation.,Hostel A Dining Hall,medium
3058,security,"violent altercation with weapons reported in common room, students in danger",Hostel C Wing West Common Area,high
2958,security,electronic biometric access door stuck in open position allowing anyone entry,Hostel C Wing West Common Area,medium
1075,electrical,light switch in corridor is stiff to press. Needs urgent inspection.,Hostel F Room 118,low
2586,sanitation,"Minor bad odor from washroom floor drain, needs disinfectant. kindly update ticket status once inspected.",Hostel D Terrace Access,low
2788,sanitation,"main sewage line ruptured inside hostel corridor, raw sewage flooding rooms. Noticeable smell and noise.",Hostel D Cafeteria,high
2233,structural,skirting board along corridor wall is coming loose,Hostel D Server Rack Room,low
2775,sanitation,"dead animal decomposing in central water supply storage tank, water contaminated",Hostel A Ground Floor Lobby,high
1776,network,"core floor switch unresponsive, student exams affected. Affecting multiple students.",Library 2nd Floor Reading Hall,medium
2257,structural,wardrobe door hinge is squeaking and slightly misaligned,Hostel C Basement Study Room,low
3387,other,severe chemical spill in corridor causing eye irritation and breathing distress. Students are worried about safety.,Academic Block 1 Room 101,high
1283,electrical,"exposed live wire hanging near wet washroom entrance, serious shock hazard. Noticeable smell and noise.",Hostel D Cafeteria,high
1418,plumbing,hot water geyser not heating and leaking water from bottom connection,Hostel D Terrace Access,medium
1959,fire_safety,emergency evacuation map near lift lobby is faded,Hostel F Room 118,low
3312,other,"student medical emergency: unconscious student having seizure in room 305, ambulance needed",Hostel A Ground Floor Lobby,high
2174,fire_safety,major electrical fire spreading along cable tray across residential floor,Gymnasium Locker Room,high
1432,plumbing,toilet flush mechanism broken and overflowing into drainage pan. Reported this earlier today.,Hostel D Room 412,medium
2852,security,corridor security camera dome cover is dusty,Hostel E Room 501,low
1744,network,Local area network down for all rooms on the west corridor. please resolve this quickly.,Hostel F Room 118,medium
3155,other,campus bus schedule poster is outdated and needs update. Please send someone to check as soon as possible.,Academic Block 1 Room 101,low
3269,other,washing machine in laundry room vibrating violently and leaking soapy water,Central Canteen Kitchen Area,medium
2693,sanitation,sanitation duct overflowing with gray water into rear courtyard,Hostel A Ground Floor Lobby,medium
3189,other,clock in study room is running 15 minutes slow,Hostel A Ground Floor Lobby,low
1480,plumbing,toilet flush mechanism broken and overflowing into drainage pan. Please resolve this quickly.,Hostel F Room 118,medium
1823,network,"complete blackout of all communication channels, internet and VoIP down campus-wide",Hostel F Room 118,high
1169,electrical,Two sockets in room 214 have completely stopped providing power,Library 2nd Floor Reading Hall,medium
2699,sanitation,cockroach and pest infestation noticed in pantry cabinets and floor washroom. Very concerning situation.,Hostel B Balcony,medium
1873,network,campus-wide network and core firewall crash during online placement exams,Hostel E Water Tank Area,high
1442,plumbing,toilet flush mechanism broken and overflowing into drainage pan,Hostel D Cafeteria,medium
3327,other,severe allergic reaction / anaphylaxis emergency in dining hall,Hostel D Server Rack Room,high
1446,plumbing,Hot water geyser not heating and leaking water from bottom connection,Central Canteen Kitchen Area,medium
3217,other,student trapped inside study room due to jammed door knob,Hostel D Room 412,medium
3313,other,"deadly venomous snake sighted inside student room under bed, urgent wildlife rescue",Hostel B Main Electrical Room,high
1024,electrical,ceiling tube light flickers intermittently when switched on in the evening. Affecting multiple students.,Gymnasium Locker Room,low
2807,security,door peephole on room door is scratched and foggy. Reported this earlier today.,Gymnasium Locker Room,low
1913,fire_safety,fire safety instruction poster in corridor is torn and needs replacement,Hostel E Water Tank Area,low
2640,sanitation,garbage pile uncollected for 4 days outside hostel block attracting flies,Hostel F Room 118,medium
1416,plumbing,foul smelling dirty water coming out from tap in hostel wing. Please send someone to check as soon as possible.,Gymnasium Locker Room,medium
1831,network,server room network rack caught fire with melted switch cables. Affecting multiple students.,Hostel B Corridor 3rd Floor,high
2469,structural,Roof concrete slab cracking open with pieces falling into top floor rooms. very concerning situation.,Academic Block 1 Room 101,high
2633,sanitation,waste disposal bin broken and spilling contaminated waste into corridor,Hostel A Floor 2 Washroom,medium
3156,other,lost water bottle left behind in common room lounge. Kindly update ticket status once inspected.,Hostel E Water Tank Area,low
2857,security,Locker padlock key feels slightly worn out,Hostel C Room 305,low
2746,sanitation,hazardous medical or chemical waste dumped illegally behind residential block,Hostel D Cafeteria,high
2760,sanitation,fecal matter and sewage overflow flooding hallway and entering student living areas,Central Canteen Kitchen Area,high
1073,electrical,room switchboard has a slightly loose switch for the fan,Hostel D Terrace Access,low
2976,security,"theft reported from unattended room on floor 3, laptop and wallet stolen",Hostel C Wing West Common Area,medium
3114,other,Bookshelf in common area needs reorganizing. very concerning situation.,Hostel A Room 102,low
2998,security,electronic biometric access door stuck in open position allowing anyone entry,Hostel F Room 118,medium
1702,network,"wifi access point on 2nd floor completely dead, no SSID broadcasting",Hostel A Room 102,medium
1984,fire_safety,Fire safety instruction poster in corridor is torn and needs replacement. noticeable smell and noise.,Hostel C Staircase,low
2679,sanitation,Severe rodent problem in ground floor storage room chewing cables,Library 2nd Floor Reading Hall,medium
2111,fire_safety,"active fire detected in 2nd floor pantry, flames spreading to wooden cabinets. Needs urgent inspection.",Hostel A Floor 2 Washroom,high
2265,structural,window latch in room 204 is stiff and needs oiling. Please resolve this quickly.,Hostel D Server Rack Room,low
1304,plumbing,sink drain strainer missing causing slow water flow. Affecting multiple students.,Hostel D Cafeteria,low
2313,structural,Sunshade slab outside 2nd floor window showing visible cracks and sag. noticeable smell and noise.,Hostel E Water Tank Area,medium
2871,security,Door peephole on room door is scratched and foggy,Hostel C Wing West Common Area,low
1370,plumbing,bathroom sink tap handle is a bit tight to turn off completely. Kindly update ticket status once inspected.,Hostel C Room 305,low
3143,other,notice board glass in lobby has finger smudges,Hostel D Terrace Access,low
3216,other,broken glass bottles scattered across basketball court walkway,Hostel A Floor 2 Washroom,medium
3303,other,severe chemical spill in corridor causing eye irritation and breathing distress,Hostel A Ground Floor Lobby,high
2567,sanitation,Recycling bin overflowing with empty cardboard boxes. noticeable smell and noise.,Hostel D Terrace Access,low
2509,sanitation,soap dispenser empty in common washroom. Very concerning situation.,Central Canteen Kitchen Area,low
1792,network,hostel router rebooting constantly every 10 minutes disrupting classes. Students are worried about safety.,Library 2nd Floor Reading Hall,medium
1508,plumbing,sewage pipe burst with toxic foul water overflowing across hostel hallway. Very concerning situation.,Hostel B Main Electrical Room,high
1273,electrical,student got electrical shock from metallic water cooler body on floor 2. Happening since last night.,Hostel A Ground Floor Lobby,high
2095,fire_safety,fire alarm panel beeping continuously with yellow fault warning light. Reported this earlier today.,Hostel A Dining Hall,medium
3123,other,lost water bottle left behind in common room lounge,Central Canteen Kitchen Area,low
1213,electrical,"smoke billowing from electrical duct on third floor, emergency isolation needed. Noticeable smell and noise.",Hostel A Floor 2 Washroom,high
2331,structural,large chunks of plaster fell from ceiling onto study table while room was empty,Hostel D Terrace Access,medium
1276,electrical,Heavy smoke and crackling sparks coming from distribution panel in wing b,Hostel B Corridor 3rd Floor,high
2031,fire_safety,smoke detector in corridor sounding false alarms intermittently,Central Canteen Kitchen Area,medium
2793,sanitation,hazardous medical or chemical waste dumped illegally behind residential block,Hostel D Cafeteria,high
3122,other,whiteboard marker dried out in discussion room,Hostel E Room 501,low
1116,electrical,intermittent power cut in entire wing while other wings have electricity. Please send someone to check as soon as possible.,Hostel E Room 501,medium
2523,sanitation,dustbin in common corridor is full and needs daily emptying,Hostel D Room 412,low
2450,structural,"severe structural compromise, beam cracking loudly above dining hall. Very concerning situation.",Hostel C Wing West Common Area,high
1400,plumbing,slow drip from flush tank valve into the commode,Hostel A Dining Hall,low
1631,network,ethernet port in room has a loose latch but connection works,Hostel F Room 118,low
1961,fire_safety,fire extinguisher inspection tag in hallway expired last month,Hostel A Ground Floor Lobby,low
2676,sanitation,severe rodent problem in ground floor storage room chewing cables. Please send someone to check as soon as possible.,Central Canteen Kitchen Area,medium
3255,other,broken glass bottles scattered across basketball court walkway,Hostel A Dining Hall,medium
1105,electrical,Intermittent power cut in entire wing while other wings have electricity,Hostel B Main Electrical Room,medium
2884,security,visitor sign-in book at security desk is full and needs replacement,Hostel D Server Rack Room,low
2283,structural,room door needs a stopper installed to prevent banging. Noticeable smell and noise.,Hostel C Wing West Common Area,low
2628,sanitation,sanitation duct overflowing with gray water into rear courtyard. Happening since last night.,Hostel A Ground Floor Lobby,medium
1477,plumbing,washroom drain blocked with accumulated debris causing ankle-deep puddle. Happening since last night.,Main Auditorium Hall B,medium
2671,sanitation,sewage smell rising from multiple bathroom drains on 2nd floor. Please send someone to check as soon as possible.,Hostel A Ground Floor Lobby,medium
1184,electrical,Power socket feels warm to the touch after using for an hour. noticeable smell and noise.,Hostel D Terrace Access,medium
1524,plumbing,"uncontrolled high pressure water gushing from main riser pipe, rooms submerged",Hostel F Room 118,high
2115,fire_safety,"active fire detected in 2nd floor pantry, flames spreading to wooden cabinets",Hostel A Room 102,high
2322,structural,sunshade slab outside 2nd floor window showing visible cracks and sag. Students are worried about safety.,Hostel E Room 501,medium
1971,fire_safety,dust accumulated on corridor smoke sensor casing,Gymnasium Locker Room,low
3052,security,Kidnapping or severe security threat reported on campus grounds,Hostel F Room 118,high
1693,network,campus intranet portal loading slowly on mobile devices. Kindly update ticket status once inspected.,Hostel E Room 501,low
3090,security,"active break-in in progress, unauthorized person forcing doors on 3rd floor. Reported this earlier today.",Hostel C Basement Study Room,high
2724,sanitation,severe biological hazard with toxic sewage backing up into all ground floor washrooms,Hostel B Balcony,high
3064,security,"Shots or explosive sounds heard near perimeter fence, lockdown initiated",Hostel C Wing West Common Area,high
2210,structural,Room door needs a stopper installed to prevent banging,Hostel C Staircase,low
1120,electrical,fan regulator is overheating and burning odor coming from switchboard. Kindly update ticket status once inspected.,Hostel D Cafeteria,medium
2468,structural,"large section of concrete ceiling collapsed into room 214, debris on bed. Very concerning situation.",Hostel B Corridor 3rd Floor,high
2516,sanitation,water cooler drip tray needs cleaning and sanitizing,Hostel C Room 305,low
1585,plumbing,ceiling collapsing due to heavy water accumulation from overhead pipe rupture,Hostel F Room 118,high
1253,electrical,"exposed live wire hanging near wet washroom entrance, serious shock hazard",Hostel A Room 102,high
3321,other,"passenger elevator cable snapped and safety brake engaged, 4 students trapped inside in darkness",Hostel E Water Tank Area,high
1504,plumbing,"uncontrolled high pressure water gushing from main riser pipe, rooms submerged",Hostel A Dining Hall,high
2256,structural,Room door needs a stopper installed to prevent banging,Hostel E Water Tank Area,low
1646,network,intermittent ping spikes while playing online educational tutorials. Please send someone to check as soon as possible.,Hostel E Room 501,low
2271,structural,small hairline crack on bedroom plaster near the window sill,Hostel C Room 305,low
2931,security,"Room door lock mechanism broken, door cannot be securely locked from outside",Hostel A Ground Floor Lobby,medium
3008,security,"Armed intruder or violent trespasser reported inside hostel block, lockdown needed. please send someone to check as soon as possible.",Hostel C Staircase,high
1805,network,"all core routers offline, mission critical services and monitoring halted. Needs urgent inspection.",Hostel C Staircase,high
3076,security,"hostel main entry doors breached, intruder threatening occupants",Hostel B Balcony,high
1706,network,no internet connection in entire block B while other blocks are fine,Hostel C Basement Study Room,medium
1149,electrical,two sockets in room 214 have completely stopped providing power,Hostel C Basement Study Room,medium
1034,electrical,desk light bulb has gone dim over the last few days,Hostel A Room 102,low
2608,sanitation,sewage smell rising from multiple bathroom drains on 2nd floor. Needs urgent inspection.,Hostel E Room 501,medium
3062,security,"violent altercation with weapons reported in common room, students in danger",Hostel D Server Rack Room,high
1867,network,"ransomware or malicious attack suspected, all gateway routers failing simultaneously",Hostel A Dining Hall,high
2268,structural,balcony door handle is slightly loose when turning,Academic Block 1 Room 101,low
1089,electrical,desk light bulb has gone dim over the last few days. Kindly update ticket status once inspected.,Hostel C Staircase,low
2215,structural,window latch in room 204 is stiff and needs oiling,Library 2nd Floor Reading Hall,low
1038,electrical,exhaust fan switch in bathroom is stiff and makes a slight click sound. Please send someone to check as soon as possible.,Hostel C Wing West Common Area,low
1483,plumbing,continuous leak from rooftop overhead tank overflow pipe flooding balcony. Needs urgent inspection.,Hostel C Basement Study Room,medium
2102,fire_safety,"active building fire with heavy smoke, emergency evacuation underway. Please send someone to check as soon as possible.",Hostel C Staircase,high
1772,network,access point blinking red light and rejecting all authentication attempts,Hostel D Server Rack Room,medium
1252,electrical,"Exposed live wire hanging near wet washroom entrance, serious shock hazard. reported this earlier today.",Hostel B Balcony,high
2932,security,"theft reported from unattended room on floor 3, laptop and wallet stolen. Kindly update ticket status once inspected.",Hostel D Cafeteria,medium
2467,structural,major structural pillar in basement shows wide cracks and exposed rebar buckling,Main Auditorium Hall B,high
3394,other,severe allergic reaction / anaphylaxis emergency in dining hall. Happening since last night.,Academic Block 1 Room 101,high
2552,sanitation,recycling bin overflowing with empty cardboard boxes. Students are worried about safety.,Hostel A Ground Floor Lobby,low
2480,structural,Major structural pillar in basement shows wide cracks and exposed rebar buckling,Hostel D Room 412,high
3175,other,clock in study room is running 15 minutes slow,Hostel E Water Tank Area,low
1288,electrical,"water leaking directly onto open electrical switchboard, sparking vigorously. Needs urgent inspection.",Hostel C Room 305,high
2912,security,Multiple room padlocks tampered with during semester break. please send someone to check as soon as possible.,Hostel E Room 501,medium
1715,network,"entire wing unable to connect to campus wifi, obtaining IP address error. Reported this earlier today.",Hostel A Ground Floor Lobby,medium
3018,security,kidnapping or severe security threat reported on campus grounds. Please send someone to check as soon as possible.,Hostel D Room 412,high
1365,plumbing,mild condensation on cold water pipe beneath the washbasin,Hostel A Ground Floor Lobby,low
3274,other,student trapped inside study room due to jammed door knob,Hostel C Wing West Common Area,medium
2726,sanitation,burst main septic chamber overflowing across hostel perimeter. Noticeable smell and noise.,Hostel E Room 501,high
3158,other,Room curtain rod bracket is slightly bent. very concerning situation.,Hostel A Floor 2 Washroom,low
2280,structural,room door needs a stopper installed to prevent banging. Please send someone to check as soon as possible.,Hostel C Staircase,low
1161,electrical,sparking sound heard when inserting 3-pin laptop adapter into wall socket. Affecting multiple students.,Hostel D Room 412,medium
3259,other,honeybee or wasp nest building up under 3rd floor window ledge. Needs urgent inspection.,Central Canteen Kitchen Area,medium
1334,plumbing,bathroom sink tap handle is a bit tight to turn off completely,Hostel C Room 305,low
3318,other,Gas cylinder valve leaking rapidly with loud hissing in cafeteria kitchen,Hostel E Water Tank Area,high
1071,electrical,Minor flicker in hallway lighting during evening hours,Hostel D Cafeteria,low
2936,security,unauthorized trespasser seen wandering hostel corridors without visitor badge. Reported this earlier today.,Gymnasium Locker Room,medium
2694,sanitation,waste disposal bin broken and spilling contaminated waste into corridor. Students are worried about safety.,Hostel D Room 412,medium
1346,plumbing,"Tap slowly dripping in bathroom sink, bucket placed underneath",Hostel C Basement Study Room,low
2614,sanitation,blocked urinal overflowing dirty water onto restroom floor,Gymnasium Locker Room,medium
1190,electrical,power socket feels warm to the touch after using for an hour,Hostel C Wing West Common Area,medium
1231,electrical,"exposed live wire hanging near wet washroom entrance, serious shock hazard. Please resolve this quickly.",Main Auditorium Hall B,high
1668,network,Printer on floor network is occasionally unreachable. reported this earlier today.,Hostel C Wing West Common Area,low
1310,plumbing,Mild condensation on cold water pipe beneath the washbasin. kindly update ticket status once inspected.,Hostel B Main Electrical Room,low
3094,security,"violent altercation with weapons reported in common room, students in danger",Hostel A Ground Floor Lobby,high
1653,network,intermittent ping spikes while playing online educational tutorials. Noticeable smell and noise.,Main Auditorium Hall B,low
3032,security,"active break-in in progress, unauthorized person forcing doors on 3rd floor",Hostel B Corridor 3rd Floor,high
1574,plumbing,water entering room through light fixtures from flooded floor above,Hostel C Basement Study Room,high
2057,fire_safety,smoke detector in corridor sounding false alarms intermittently. Needs urgent inspection.,Hostel B Corridor 3rd Floor,medium
1121,electrical,wire casing near the switchboard appears loose and cracked. Students are worried about safety.,Hostel A Ground Floor Lobby,medium
2299,structural,small hairline crack on bedroom plaster near the window sill,Library 2nd Floor Reading Hall,low
1065,electrical,reading light bulb needs replacement in the study room,Hostel B Balcony,low
1018,electrical,desk light bulb has gone dim over the last few days,Hostel E Room 501,low
1225,electrical,main circuit breaker exploded with loud bang and continuous sparks,Hostel E Water Tank Area,high
1487,plumbing,foul smelling dirty water coming out from tap in hostel wing,Hostel A Ground Floor Lobby,medium
1458,plumbing,water supply completely cut off to floor 4 bathrooms for 6 hours. Please send someone to check as soon as possible.,Hostel A Dining Hall,medium
1016,electrical,minor flicker in hallway lighting during evening hours. Kindly update ticket status once inspected.,Hostel A Room 102,low
2381,structural,Heavy water seepage causing wall to bulge and paint to peel severely,Hostel D Room 412,medium
1709,network,DHCP server not assigning IP addresses to students on hostel network. Happening since last night.,Hostel C Basement Study Room,medium
2356,structural,Sunshade slab outside 2nd floor window showing visible cracks and sag,Hostel A Floor 2 Washroom,medium
3176,other,notice board glass in lobby has finger smudges. Very concerning situation.,Hostel C Room 305,low
2581,sanitation,soap dispenser empty in common washroom,Hostel B Main Electrical Room,low
2866,security,locker padlock key feels slightly worn out,Hostel A Dining Hall,low
1860,network,"All core routers offline, mission critical services and monitoring halted",Hostel D Terrace Access,high
2420,structural,"entire balcony slab vibrating and tilting downward, imminent collapse risk. Needs urgent inspection.",Hostel B Room 214,high
3358,other,Severe allergic reaction / anaphylaxis emergency in dining hall. needs urgent inspection.,Gymnasium Locker Room,high
2986,security,Unauthorized trespasser seen wandering hostel corridors without visitor badge,Hostel A Ground Floor Lobby,medium
2226,structural,floor tile in corner of room has slight chip on corner,Hostel D Cafeteria,low
3117,other,Bookshelf in common area needs reorganizing,Hostel E Room 501,low
2445,structural,major structural pillar in basement shows wide cracks and exposed rebar buckling. Very concerning situation.,Academic Block 1 Room 101,high
2033,fire_safety,Smoke detector in corridor sounding false alarms intermittently. happening since last night.,Hostel A Floor 2 Washroom,medium
1806,network,"main fiber backbone disconnected, total campus disconnection from internet. Please send someone to check as soon as possible.",Hostel C Staircase,high
2808,security,Security mirror at staircase corner is slightly tilted,Hostel A Floor 2 Washroom,low
1539,plumbing,severe structural flooding threatening server room on ground floor,Hostel C Staircase,high
2164,fire_safety,Emergency fire exit completely blocked while fire is spreading in staircase. needs urgent inspection.,Hostel D Server Rack Room,high
2007,fire_safety,Corridor fire alarm strobe light not activating during system test,Hostel B Main Electrical Room,medium
1229,electrical,"active electrical fire in junction box near room 305, burning plastic smell and flames",Hostel E Water Tank Area,high
2589,sanitation,recycling bin overflowing with empty cardboard boxes. Students are worried about safety.,Hostel D Terrace Access,low
3215,other,severe noise disruption from unauthorized party in room late at night,Hostel A Dining Hall,medium
3000,security,"Room door lock mechanism broken, door cannot be securely locked from outside. students are worried about safety.",Hostel B Corridor 3rd Floor,medium
2696,sanitation,black mold spreading rapidly along damp bathroom walls and ceiling. Very concerning situation.,Hostel D Room 412,medium
2432,structural,Building foundation wall cracked with noticeable tilt in hostel wing b. please resolve this quickly.,Hostel D Server Rack Room,high
3105,other,lost student ID card found in library and placed at reception,Hostel F Room 118,low
1538,plumbing,Ceiling collapsing due to heavy water accumulation from overhead pipe rupture,Hostel C Room 305,high
3339,other,"roof water tank collapsed through ceiling into top floor rooms, students trapped. Students are worried about safety.",Hostel D Cafeteria,high
2470,structural,major structural pillar in basement shows wide cracks and exposed rebar buckling,Hostel A Ground Floor Lobby,high
2580,sanitation,soap dispenser empty in common washroom,Hostel A Dining Hall,low
2254,structural,small chip in stair tread edge on ground floor landing,Hostel A Dining Hall,low
2805,security,gate latch on secondary perimeter fence is loose. Noticeable smell and noise.,Hostel D Terrace Access,low
3229,other,Student trapped inside study room due to jammed door knob,Hostel B Balcony,medium
2946,security,multiple room padlocks tampered with during semester break. Affecting multiple students.,Hostel E Water Tank Area,medium
2351,structural,staircase concrete step cracked in half and unstable under foot traffic. Reported this earlier today.,Hostel D Cafeteria,medium
1137,electrical,power socket feels warm to the touch after using for an hour,Main Auditorium Hall B,medium
1266,electrical,heavy smoke and crackling sparks coming from distribution panel in wing B,Hostel E Water Tank Area,high
2295,structural,room door needs a stopper installed to prevent banging. Very concerning situation.,Gymnasium Locker Room,low
1364,plumbing,faucet aerator in pantry has slight leak around the joint,Hostel C Staircase,low
1355,plumbing,bathroom sink tap handle is a bit tight to turn off completely. Reported this earlier today.,Hostel C Room 305,low
3001,security,"violent altercation with weapons reported in common room, students in danger. Very concerning situation.",Central Canteen Kitchen Area,high
2157,fire_safety,"strong gas leak detected near mess kitchen cylinder bank, hissing sound and heavy smell",Hostel B Corridor 3rd Floor,high
2167,fire_safety,explosion sound followed by fire in chemical storage room near lab,Hostel B Corridor 3rd Floor,high
1198,electrical,Power socket feels warm to the touch after using for an hour,Library 2nd Floor Reading Hall,medium
2310,structural,main corridor entrance glass door cracked and rattling in high wind. Noticeable smell and noise.,Hostel C Staircase,medium
1549,plumbing,severe structural flooding threatening server room on ground floor,Hostel D Terrace Access,high
1224,electrical,"active electrical fire in junction box near room 305, burning plastic smell and flames",Library 2nd Floor Reading Hall,high
1189,electrical,fan regulator is overheating and burning odor coming from switchboard,Library 2nd Floor Reading Hall,medium
1770,network,local area network down for all rooms on the west corridor. Very concerning situation.,Hostel E Water Tank Area,medium
1140,electrical,power socket feels warm to the touch after using for an hour. Happening since last night.,Hostel A Ground Floor Lobby,medium
3104,other,notice board glass in lobby has finger smudges. Please resolve this quickly.,Hostel A Ground Floor Lobby,low
2969,security,Multiple room padlocks tampered with during semester break. very concerning situation.,Hostel A Ground Floor Lobby,medium
2046,fire_safety,hydrant valve leaking water into the emergency staircase landing. Please send someone to check as soon as possible.,Hostel D Server Rack Room,medium
1505,plumbing,"Uncontrolled high pressure water gushing from main riser pipe, rooms submerged",Hostel C Wing West Common Area,high
3007,security,"panic alarm triggered in residential wing, active intruder alert. Please resolve this quickly.",Gymnasium Locker Room,high
3323,other,"roof water tank collapsed through ceiling into top floor rooms, students trapped. Affecting multiple students.",Hostel E Water Tank Area,high
1332,plumbing,"tap slowly dripping in bathroom sink, bucket placed underneath. Students are worried about safety.",Hostel A Room 102,low
3077,security,"student assaulted in hostel staircase, immediate security and medical dispatch required. Happening since last night.",Hostel B Corridor 3rd Floor,high
2957,security,perimeter fence wire cut behind hostel sports ground,Hostel F Room 118,medium
2460,structural,"Large section of concrete ceiling collapsed into room 214, debris on bed",Hostel E Room 501,high
1775,network,ethernet wall jacks across 5 rooms on floor 3 not receiving link light,Hostel C Wing West Common Area,medium
2066,fire_safety,fire extinguisher missing from its designated wall bracket on floor 3. Reported this earlier today.,Hostel C Basement Study Room,medium
2575,sanitation,Soap dispenser empty in common washroom. students are worried about safety.,Hostel B Main Electrical Room,low
2152,fire_safety,"Strong gas leak detected near mess kitchen cylinder bank, hissing sound and heavy smell",Hostel B Room 214,high
1822,network,network core failure disabling campus biometric security gates and CCTV stream. Students are worried about safety.,Library 2nd Floor Reading Hall,high
2357,structural,false ceiling panel sagging downward in common study room. Very concerning situation.,Hostel E Room 501,medium
2710,sanitation,hazardous medical or chemical waste dumped illegally behind residential block. Please resolve this quickly.,Hostel A Dining Hall,high
3271,other,"refrigerator in common kitchen not cooling, student food spoiling",Hostel D Cafeteria,medium
1584,plumbing,burst main water pipe flooding corridor and seeping into student rooms,Hostel B Corridor 3rd Floor,high
2076,fire_safety,smoke detector in corridor sounding false alarms intermittently,Central Canteen Kitchen Area,medium
2975,security,"room door lock mechanism broken, door cannot be securely locked from outside",Hostel C Basement Study Room,medium
2326,structural,heavy water seepage causing wall to bulge and paint to peel severely. Reported this earlier today.,Hostel F Room 118,medium
1367,plumbing,mild condensation on cold water pipe beneath the washbasin. Affecting multiple students.,Hostel A Floor 2 Washroom,low
1758,network,"wifi access point on 2nd floor completely dead, no SSID broadcasting",Hostel B Balcony,medium
1686,network,DNS lookup seems slightly delayed on hostel subnet,Hostel C Staircase,low
1532,plumbing,"uncontrolled high pressure water gushing from main riser pipe, rooms submerged",Hostel C Room 305,high
1891,network,"ransomware or malicious attack suspected, all gateway routers failing simultaneously",Hostel D Server Rack Room,high
1246,electrical,student got electrical shock from metallic water cooler body on floor 2,Hostel B Corridor 3rd Floor,high
1700,network,Wifi signal drops to 2 bars near balcony area. students are worried about safety.,Library 2nd Floor Reading Hall,low
3113,other,lost jacket hanging on corridor coat rack. Noticeable smell and noise.,Academic Block 1 Room 101,low
3249,other,student trapped inside study room due to jammed door knob. Reported this earlier today.,Hostel D Server Rack Room,medium
2862,security,locker padlock key feels slightly worn out,Hostel C Wing West Common Area,low
2251,structural,skirting board along corridor wall is coming loose,Hostel A Floor 2 Washroom,low
3375,other,severe chemical spill in corridor causing eye irritation and breathing distress,Hostel A Floor 2 Washroom,high
2892,security,intercom phone to main guard gate has slight static noise,Hostel A Ground Floor Lobby,low
2656,sanitation,stagnant water pool near water purifier breeding mosquitoes. Needs urgent inspection.,Hostel E Water Tank Area,medium
1794,network,ethernet wall jacks across 5 rooms on floor 3 not receiving link light,Hostel C Room 305,medium
2438,structural,corridor floor slab sagging and separating from main wall joint. Kindly update ticket status once inspected.,Hostel C Staircase,high
1929,fire_safety,dust accumulated on corridor smoke sensor casing,Hostel B Corridor 3rd Floor,low
1171,electrical,sparking sound heard when inserting 3-pin laptop adapter into wall socket,Hostel A Floor 2 Washroom,medium
1388,plumbing,faucet in 3rd floor bathroom needs washer replacement due to slight leak. Kindly update ticket status once inspected.,Hostel F Room 118,low
3192,other,Lost water bottle left behind in common room lounge. students are worried about safety.,Hostel A Dining Hall,low
3231,other,loud screeching noise from ventilation shaft disrupting sleep. Needs urgent inspection.,Hostel A Floor 2 Washroom,medium
2492,structural,building foundation wall cracked with noticeable tilt in hostel wing B. Happening since last night.,Hostel C Basement Study Room,high
1771,network,"core floor switch unresponsive, student exams affected",Hostel B Balcony,medium
2434,structural,Corridor floor slab sagging and separating from main wall joint,Hostel B Room 214,high
1733,network,access point blinking red light and rejecting all authentication attempts. Happening since last night.,Hostel A Dining Hall,medium
1376,plumbing,slow drip from flush tank valve into the commode,Hostel B Balcony,low
2790,sanitation,severe contamination of drinking water system with sewage infiltration,Hostel E Water Tank Area,high
1690,network,periodic minor disconnects during late night hours. Kindly update ticket status once inspected.,Hostel D Room 412,low
2591,sanitation,recycling bin overflowing with empty cardboard boxes. Happening since last night.,Hostel E Room 501,low
2956,security,ground floor window security grill loose and screws removed. Reported this earlier today.,Hostel C Room 305,medium
1183,electrical,wire casing near the switchboard appears loose and cracked,Hostel E Water Tank Area,medium
1468,plumbing,"water pipe under sink leaking steady stream, water pooling on floor",Hostel D Server Rack Room,medium
1718,network,ethernet wall jacks across 5 rooms on floor 3 not receiving link light,Library 2nd Floor Reading Hall,medium
2476,structural,"retaining wall behind hostel collapsed following heavy rainfall, soil entering. Students are worried about safety.",Hostel C Room 305,high
2885,security,door peephole on room door is scratched and foggy. Noticeable smell and noise.,Hostel C Staircase,low
2343,structural,main corridor entrance glass door cracked and rattling in high wind. Students are worried about safety.,Hostel E Water Tank Area,medium
2813,security,visitor sign-in book at security desk is full and needs replacement. Kindly update ticket status once inspected.,Hostel E Room 501,low
1023,electrical,"study table socket cover plate is loose, need maintenance check",Hostel A Floor 2 Washroom,low
2764,sanitation,fecal matter and sewage overflow flooding hallway and entering student living areas,Hostel D Cafeteria,high
3241,other,Elevator getting stuck between floors 2 and 3 intermittently,Library 2nd Floor Reading Hall,medium
1011,electrical,"wall plug in room works but looks slightly worn out, please inspect when free",Hostel F Room 118,low
3019,security,"violent altercation with weapons reported in common room, students in danger. Please send someone to check as soon as possible.",Hostel C Wing West Common Area,high
1754,network,access point blinking red light and rejecting all authentication attempts,Hostel A Dining Hall,medium
1403,plumbing,water supply completely cut off to floor 4 bathrooms for 6 hours,Hostel A Room 102,medium
2026,fire_safety,fire alarm panel beeping continuously with yellow fault warning light,Main Auditorium Hall B,medium
2404,structural,"staircase railing completely detached and fallen, open drop from 4th floor. Happening since last night.",Hostel C Basement Study Room,high
2035,fire_safety,fire exit route obstructed by heavy storage boxes,Gymnasium Locker Room,medium
1035,electrical,study lamp switch is a bit loose and sometimes requires multiple clicks to turn on,Hostel C Wing West Common Area,low
2948,security,security CCTV camera on 2nd floor corridor is offline with black screen,Hostel A Room 102,medium
2715,sanitation,massive black toxic mold infestation causing breathing difficulties for entire wing. Needs urgent inspection.,Hostel D Cafeteria,high
2266,structural,balcony door handle is slightly loose when turning. Needs urgent inspection.,Hostel B Room 214,low
2446,structural,"entire balcony slab vibrating and tilting downward, imminent collapse risk",Hostel B Room 214,high
2411,structural,"retaining wall behind hostel collapsed following heavy rainfall, soil entering. Reported this earlier today.",Main Auditorium Hall B,high
2455,structural,Roof concrete slab cracking open with pieces falling into top floor rooms,Hostel A Floor 2 Washroom,high
1214,electrical,"Exposed live wire hanging near wet washroom entrance, serious shock hazard",Hostel C Room 305,high
3335,other,"student medical emergency: unconscious student having seizure in room 305, ambulance needed",Hostel B Corridor 3rd Floor,high
3346,other,major structural ceiling collapse and fire emergency in main hall. Very concerning situation.,Hostel A Room 102,high
2340,structural,deep diagonal crack appearing along corridor wall growing over last 2 weeks,Hostel B Corridor 3rd Floor,medium
1315,plumbing,water tap in washroom leaks a few drops every minute,Academic Block 1 Room 101,low
2915,security,security CCTV camera on 2nd floor corridor is offline with black screen. Affecting multiple students.,Hostel B Main Electrical Room,medium
1593,plumbing,sewage pipe burst with toxic foul water overflowing across hostel hallway,Academic Block 1 Room 101,high
2200,fire_safety,emergency fire exit completely blocked while fire is spreading in staircase,Hostel B Corridor 3rd Floor,high
3059,security,"panic alarm triggered in residential wing, active intruder alert. Noticeable smell and noise.",Hostel C Basement Study Room,high
2502,sanitation,"Minor bad odor from washroom floor drain, needs disinfectant",Hostel A Room 102,low
2443,structural,building foundation wall cracked with noticeable tilt in hostel wing B. Very concerning situation.,Hostel C Basement Study Room,high
2393,structural,"balcony safety railing is loose and wobbles when pushed, dangerous for students",Hostel E Room 501,medium
1264,electrical,severe electrical burn smell and active sparks from air conditioner unit. Happening since last night.,Main Auditorium Hall B,high
2638,sanitation,garbage pile uncollected for 4 days outside hostel block attracting flies. Please resolve this quickly.,Hostel B Room 214,medium
3163,other,lost water bottle left behind in common room lounge,Hostel D Terrace Access,low
1275,electrical,"smoke billowing from electrical duct on third floor, emergency isolation needed. Please send someone to check as soon as possible.",Hostel A Dining Hall,high
2403,structural,corridor floor slab sagging and separating from main wall joint,Hostel A Dining Hall,high
2952,security,emergency security phone box on campus pathway broken and unresponsive. Reported this earlier today.,Hostel F Room 118,medium
1497,plumbing,"water pipe under sink leaking steady stream, water pooling on floor",Hostel A Floor 2 Washroom,medium
3100,security,hostel perimeter gate breached by hostile mob or unauthorized group,Hostel C Staircase,high
2800,sanitation,hazardous medical or chemical waste dumped illegally behind residential block. Students are worried about safety.,Hostel A Dining Hall,high
3286,other,severe noise disruption from unauthorized party in room late at night,Main Auditorium Hall B,medium
2659,sanitation,black mold spreading rapidly along damp bathroom walls and ceiling,Academic Block 1 Room 101,medium
1319,plumbing,Bathroom sink tap handle is a bit tight to turn off completely. students are worried about safety.,Hostel D Room 412,low
2809,security,bicycle rack outside hostel has one loose bolt on stand,Hostel F Room 118,low
1328,plumbing,faucet aerator in pantry has slight leak around the joint,Academic Block 1 Room 101,low
2893,security,gate latch on secondary perimeter fence is loose,Hostel A Room 102,low
2985,security,electronic biometric access door stuck in open position allowing anyone entry,Hostel E Water Tank Area,medium
1025,electrical,study lamp switch is a bit loose and sometimes requires multiple clicks to turn on,Hostel A Ground Floor Lobby,low
1997,fire_safety,fire extinguisher inspection tag in hallway expired last month. Please resolve this quickly.,Hostel B Balcony,low
2824,security,room door key is slightly sticky in the lock cylinder. Please resolve this quickly.,Hostel D Terrace Access,low
1122,electrical,intermittent power cut in entire wing while other wings have electricity. Please resolve this quickly.,Hostel B Balcony,medium
3385,other,"deadly venomous snake sighted inside student room under bed, urgent wildlife rescue. Students are worried about safety.",Hostel C Wing West Common Area,high
3041,security,"shots or explosive sounds heard near perimeter fence, lockdown initiated. Reported this earlier today.",Hostel D Room 412,high
2772,sanitation,Severe contamination of drinking water system with sewage infiltration. please send someone to check as soon as possible.,Hostel F Room 118,high
2189,fire_safety,"strong gas leak detected near mess kitchen cylinder bank, hissing sound and heavy smell",Hostel B Balcony,high
2304,structural,staircase concrete step cracked in half and unstable under foot traffic,Central Canteen Kitchen Area,medium
2246,structural,wooden study desk drawer sticks when opening. Needs urgent inspection.,Academic Block 1 Room 101,low
2939,security,"room door lock mechanism broken, door cannot be securely locked from outside",Hostel A Dining Hall,medium
3360,other,major structural ceiling collapse and fire emergency in main hall,Hostel C Room 305,high
2146,fire_safety,"smoke alarm activated, smoke pouring out from closed room 412, occupants trapped",Hostel B Room 214,high
2090,fire_safety,smoke detector in corridor sounding false alarms intermittently,Central Canteen Kitchen Area,medium
1749,network,Network switch in floor corridor making loud clicking noise and offline. very concerning situation.,Hostel C Staircase,medium
2588,sanitation,cobwebs gathered in corner of ceiling in hallway. Noticeable smell and noise.,Hostel C Staircase,low
2777,sanitation,"toxic sewer gas backup filling residential wing, multiple students feeling nauseous. Affecting multiple students.",Gymnasium Locker Room,high
1010,electrical,minor flicker in hallway lighting during evening hours,Hostel D Room 412,low
1642,network,periodic minor disconnects during late night hours,Hostel D Server Rack Room,low
1464,plumbing,drain pipe clogged and water backing up into bathroom stall,Hostel B Corridor 3rd Floor,medium
2606,sanitation,Severe rodent problem in ground floor storage room chewing cables. please send someone to check as soon as possible.,Gymnasium Locker Room,medium
1793,network,access point blinking red light and rejecting all authentication attempts. Please resolve this quickly.,Hostel A Dining Hall,medium
2101,fire_safety,major electrical fire spreading along cable tray across residential floor,Hostel C Staircase,high
2298,structural,room door needs a stopper installed to prevent banging,Main Auditorium Hall B,low
1362,plumbing,faucet in 3rd floor bathroom needs washer replacement due to slight leak. Very concerning situation.,Hostel D Cafeteria,low
2060,fire_safety,hydrant valve leaking water into the emergency staircase landing,Hostel C Room 305,medium
1846,network,"main fiber backbone disconnected, total campus disconnection from internet",Library 2nd Floor Reading Hall,high
1941,fire_safety,Smoke detector green indicator led is not blinking in room 104,Gymnasium Locker Room,low
2457,structural,corridor floor slab sagging and separating from main wall joint,Hostel C Basement Study Room,high
2971,security,"room door lock mechanism broken, door cannot be securely locked from outside",Hostel A Ground Floor Lobby,medium
2318,structural,"Balcony safety railing is loose and wobbles when pushed, dangerous for students",Hostel B Main Electrical Room,medium
2561,sanitation,dustbin in common corridor is full and needs daily emptying,Hostel B Main Electrical Room,low
2387,structural,heavy water seepage causing wall to bulge and paint to peel severely. Very concerning situation.,Gymnasium Locker Room,medium
2195,fire_safety,major electrical fire spreading along cable tray across residential floor,Central Canteen Kitchen Area,high
2966,security,multiple room padlocks tampered with during semester break,Hostel A Room 102,medium
1710,network,network switch in floor corridor making loud clicking noise and offline. Very concerning situation.,Central Canteen Kitchen Area,medium
2664,sanitation,Stagnant water pool near water purifier breeding mosquitoes,Hostel B Room 214,medium
2410,structural,"staircase railing completely detached and fallen, open drop from 4th floor",Main Auditorium Hall B,high
3037,security,"violent altercation with weapons reported in common room, students in danger. Students are worried about safety.",Academic Block 1 Room 101,high
2688,sanitation,blocked urinal overflowing dirty water onto restroom floor,Hostel A Floor 2 Washroom,medium
2836,security,Id card scanner at turnstile takes 2 attempts to read card,Hostel A Dining Hall,low
2259,structural,minor paint peeling on bathroom ceiling due to steam,Hostel A Floor 2 Washroom,low
1956,fire_safety,dust accumulated on corridor smoke sensor casing. Needs urgent inspection.,Hostel C Wing West Common Area,low
1621,network,ethernet port in room has a loose latch but connection works,Hostel C Room 305,low
3020,security,"active break-in in progress, unauthorized person forcing doors on 3rd floor. Please resolve this quickly.",Hostel C Room 305,high
3174,other,lost jacket hanging on corridor coat rack. Noticeable smell and noise.,Hostel A Dining Hall,low
1877,network,"complete blackout of all communication channels, internet and VoIP down campus-wide",Gymnasium Locker Room,high
1729,network,access point blinking red light and rejecting all authentication attempts,Hostel A Dining Hall,medium
1055,electrical,Desk light bulb has gone dim over the last few days. very concerning situation.,Hostel F Room 118,low
2921,security,ground floor window security grill loose and screws removed. Reported this earlier today.,Hostel B Balcony,medium
1028,electrical,fluorescent tube in bathroom takes a few seconds to light up. Happening since last night.,Hostel C Staircase,low
1716,network,DHCP server not assigning IP addresses to students on hostel network. Noticeable smell and noise.,Hostel E Water Tank Area,medium
3276,other,loud screeching noise from ventilation shaft disrupting sleep,Hostel D Terrace Access,medium
1228,electrical,main circuit breaker exploded with loud bang and continuous sparks,Gymnasium Locker Room,high
1841,network,"all core routers offline, mission critical services and monitoring halted. Please resolve this quickly.",Hostel E Room 501,high
1737,network,local area network down for all rooms on the west corridor. Please send someone to check as soon as possible.,Hostel F Room 118,medium
1151,electrical,Power socket feels warm to the touch after using for an hour,Hostel F Room 118,medium
2017,fire_safety,fire exit route obstructed by heavy storage boxes,Hostel C Wing West Common Area,medium
1657,network,wifi speed is slower than usual in the corner of room 214,Hostel D Server Rack Room,low
1808,network,"all core routers offline, mission critical services and monitoring halted",Hostel C Room 305,high
2382,structural,deep diagonal crack appearing along corridor wall growing over last 2 weeks. Very concerning situation.,Hostel C Room 305,medium
1086,electrical,exhaust fan switch in bathroom is stiff and makes a slight click sound. Affecting multiple students.,Hostel D Server Rack Room,low
2839,security,security mirror at staircase corner is slightly tilted. Please send someone to check as soon as possible.,Hostel A Floor 2 Washroom,low
3042,security,"active break-in in progress, unauthorized person forcing doors on 3rd floor. Kindly update ticket status once inspected.",Hostel A Ground Floor Lobby,high
1529,plumbing,ceiling collapsing due to heavy water accumulation from overhead pipe rupture,Hostel C Room 305,high
3015,security,"hostel main entry doors breached, intruder threatening occupants",Hostel F Room 118,high
1381,plumbing,faucet aerator in pantry has slight leak around the joint,Hostel C Staircase,low
2558,sanitation,soap dispenser empty in common washroom,Main Auditorium Hall B,low
3265,other,washing machine in laundry room vibrating violently and leaking soapy water. Very concerning situation.,Main Auditorium Hall B,medium
1257,electrical,"exposed live wire hanging near wet washroom entrance, serious shock hazard. Affecting multiple students.",Hostel C Basement Study Room,high
2624,sanitation,blocked urinal overflowing dirty water onto restroom floor,Central Canteen Kitchen Area,medium
3025,security,"panic alarm triggered in residential wing, active intruder alert",Hostel B Balcony,high
2786,sanitation,burst main septic chamber overflowing across hostel perimeter,Hostel A Room 102,high
1429,plumbing,toilet flush mechanism broken and overflowing into drainage pan. Happening since last night.,Hostel D Cafeteria,medium
1541,plumbing,Water entering room through light fixtures from flooded floor above,Hostel D Room 412,high
2527,sanitation,dust accumulated on common room window ledges. Kindly update ticket status once inspected.,Hostel E Room 501,low
2566,sanitation,Dustbin in common corridor is full and needs daily emptying,Hostel A Dining Hall,low
2118,fire_safety,"Active building fire with heavy smoke, emergency evacuation underway",Hostel D Terrace Access,high
1944,fire_safety,dust accumulated on corridor smoke sensor casing,Central Canteen Kitchen Area,low
2742,sanitation,"uncontrolled pest and pathogen outbreak in dining hall kitchen, critical health risk. Needs urgent inspection.",Hostel B Corridor 3rd Floor,high
2543,sanitation,housekeeping missed morning sweeping in wing C corridor,Hostel B Main Electrical Room,low
2690,sanitation,sanitation duct overflowing with gray water into rear courtyard,Hostel A Floor 2 Washroom,medium
1766,network,access point blinking red light and rejecting all authentication attempts,Hostel C Basement Study Room,medium
2258,structural,window latch in room 204 is stiff and needs oiling,Hostel A Floor 2 Washroom,low
2521,sanitation,recycling bin overflowing with empty cardboard boxes. Students are worried about safety.,Central Canteen Kitchen Area,low
2319,structural,Large chunks of plaster fell from ceiling onto study table while room was empty. students are worried about safety.,Hostel C Wing West Common Area,medium
3152,other,whiteboard marker dried out in discussion room. Reported this earlier today.,Hostel F Room 118,low
1696,network,Guest wifi login portal page takes long time to load. please send someone to check as soon as possible.,Library 2nd Floor Reading Hall,low
2401,structural,corridor floor slab sagging and separating from main wall joint. Reported this earlier today.,Hostel C Wing West Common Area,high
2124,fire_safety,"active fire detected in 2nd floor pantry, flames spreading to wooden cabinets",Hostel B Balcony,high
1244,electrical,"exposed live wire hanging near wet washroom entrance, serious shock hazard",Hostel D Room 412,high
1374,plumbing,slow drip from flush tank valve into the commode. Happening since last night.,Hostel D Terrace Access,low
2070,fire_safety,hydrant valve leaking water into the emergency staircase landing,Hostel D Server Rack Room,medium
3128,other,lost jacket hanging on corridor coat rack,Hostel E Water Tank Area,low
2171,fire_safety,"strong gas leak detected near mess kitchen cylinder bank, hissing sound and heavy smell",Hostel D Terrace Access,high
1170,electrical,Fan regulator is overheating and burning odor coming from switchboard,Hostel C Room 305,medium
2135,fire_safety,emergency fire exit completely blocked while fire is spreading in staircase,Hostel F Room 118,high
2435,structural,building foundation wall cracked with noticeable tilt in hostel wing B. Please send someone to check as soon as possible.,Hostel B Room 214,high
1158,electrical,wire casing near the switchboard appears loose and cracked,Gymnasium Locker Room,medium
2865,security,corridor security camera dome cover is dusty,Hostel D Room 412,low
1135,electrical,fan regulator is overheating and burning odor coming from switchboard. Happening since last night.,Library 2nd Floor Reading Hall,medium
1345,plumbing,washbasin drain is draining slowly after brushing teeth. Kindly update ticket status once inspected.,Hostel A Ground Floor Lobby,low
2488,structural,"external facade wall collapse crushing walkway below, immediate evacuation required. Very concerning situation.",Hostel C Staircase,high
1602,network,periodic minor disconnects during late night hours,Academic Block 1 Room 101,low
1553,plumbing,flooding in basement electrical substation from burst storm drain pipe,Hostel D Server Rack Room,high
2337,structural,large chunks of plaster fell from ceiling onto study table while room was empty,Hostel D Room 412,medium
2334,structural,large chunks of plaster fell from ceiling onto study table while room was empty,Hostel B Balcony,medium
3003,security,"shots or explosive sounds heard near perimeter fence, lockdown initiated",Hostel B Room 214,high
1985,fire_safety,smoke detector green indicator LED is not blinking in room 104,Hostel D Room 412,low
2910,security,security CCTV camera on 2nd floor corridor is offline with black screen. Please send someone to check as soon as possible.,Hostel B Room 214,medium
1783,network,local area network down for all rooms on the west corridor,Central Canteen Kitchen Area,medium
2627,sanitation,waste disposal bin broken and spilling contaminated waste into corridor. Please send someone to check as soon as possible.,Main Auditorium Hall B,medium
1197,electrical,power socket feels warm to the touch after using for an hour,Hostel A Room 102,medium
1812,network,"data center core switch overheating and shutdown, all emergency lines down. Very concerning situation.",Hostel E Room 501,high
3091,security,"panic alarm triggered in residential wing, active intruder alert",Gymnasium Locker Room,high
1220,electrical,heavy smoke and crackling sparks coming from distribution panel in wing B. Noticeable smell and noise.,Hostel D Terrace Access,high
2080,fire_safety,fire alarm panel beeping continuously with yellow fault warning light. Happening since last night.,Hostel E Room 501,medium
1855,network,"ransomware or malicious attack suspected, all gateway routers failing simultaneously",Hostel B Main Electrical Room,high
2951,security,unauthorized trespasser seen wandering hostel corridors without visitor badge,Hostel C Basement Study Room,medium
1019,electrical,power outlet feels a little loose when plugging in laptop charger,Hostel D Room 412,low
1830,network,"all core routers offline, mission critical services and monitoring halted",Hostel C Room 305,high
2183,fire_safety,explosion sound followed by fire in chemical storage room near lab,Hostel F Room 118,high
1904,fire_safety,routine inspection needed for fire extinguisher pressure gauge in lobby. Noticeable smell and noise.,Hostel D Cafeteria,low
1925,fire_safety,fire extinguisher inspection tag in hallway expired last month. Please send someone to check as soon as possible.,Hostel A Dining Hall,low
1795,network,network switch in floor corridor making loud clicking noise and offline,Main Auditorium Hall B,medium
3390,other,Severe allergic reaction / anaphylaxis emergency in dining hall. very concerning situation.,Hostel A Room 102,high
2126,fire_safety,"Strong gas leak detected near mess kitchen cylinder bank, hissing sound and heavy smell",Library 2nd Floor Reading Hall,high
2598,sanitation,mirror in bathroom has water stains and needs wiping. Students are worried about safety.,Hostel C Room 305,low
1767,network,hostel router rebooting constantly every 10 minutes disrupting classes,Hostel A Ground Floor Lobby,medium
1826,network,"all core routers offline, mission critical services and monitoring halted. Please send someone to check as soon as possible.",Hostel E Water Tank Area,high
2339,structural,large chunks of plaster fell from ceiling onto study table while room was empty,Hostel C Staircase,medium
2854,security,id card scanner at turnstile takes 2 attempts to read card. Please resolve this quickly.,Hostel A Floor 2 Washroom,low
3177,other,lost jacket hanging on corridor coat rack. Please resolve this quickly.,Academic Block 1 Room 101,low
2618,sanitation,sanitation duct overflowing with gray water into rear courtyard. Needs urgent inspection.,Hostel D Cafeteria,medium
1886,network,Network core failure disabling campus biometric security gates and cctv stream,Hostel D Terrace Access,high
1145,electrical,"frequent voltage fluctuations noticed across floor 2, appliances turning off. Kindly update ticket status once inspected.",Hostel D Room 412,medium
3277,other,"refrigerator in common kitchen not cooling, student food spoiling. Please resolve this quickly.",Library 2nd Floor Reading Hall,medium
3013,security,"panic alarm triggered in residential wing, active intruder alert. Kindly update ticket status once inspected.",Hostel C Wing West Common Area,high
1725,network,"entire wing unable to connect to campus wifi, obtaining IP address error. Happening since last night.",Hostel C Basement Study Room,medium
2731,sanitation,"dead animal decomposing in central water supply storage tank, water contaminated",Hostel A Floor 2 Washroom,high
2637,sanitation,"kitchen waste disposal clogged, attracting stray animals near entrance. Please send someone to check as soon as possible.",Hostel B Balcony,medium
2908,security,ground floor window security grill loose and screws removed. Noticeable smell and noise.,Hostel D Room 412,medium
1800,network,access point blinking red light and rejecting all authentication attempts. Very concerning situation.,Hostel B Corridor 3rd Floor,medium
3014,security,kidnapping or severe security threat reported on campus grounds. Students are worried about safety.,Main Auditorium Hall B,high
2592,sanitation,"Minor bad odor from washroom floor drain, needs disinfectant. please send someone to check as soon as possible.",Main Auditorium Hall B,low
1097,electrical,study lamp switch is a bit loose and sometimes requires multiple clicks to turn on. Reported this earlier today.,Hostel C Staircase,low
1912,fire_safety,fire safety instruction poster in corridor is torn and needs replacement,Hostel D Server Rack Room,low
1980,fire_safety,fire bucket sand level is low in ground floor station,Hostel A Floor 2 Washroom,low
1343,plumbing,shower head has slightly low water pressure in room washroom,Hostel C Wing West Common Area,low
3236,other,elevator getting stuck between floors 2 and 3 intermittently,Main Auditorium Hall B,medium
2821,security,id card scanner at turnstile takes 2 attempts to read card. Happening since last night.,Hostel F Room 118,low
1347,plumbing,faucet in 3rd floor bathroom needs washer replacement due to slight leak,Library 2nd Floor Reading Hall,low
3368,other,Gas cylinder valve leaking rapidly with loud hissing in cafeteria kitchen,Hostel D Terrace Access,high
3365,other,toxic fume release from basement laboratory drifting into student dorms. Very concerning situation.,Hostel C Basement Study Room,high
1290,electrical,"smoke billowing from electrical duct on third floor, emergency isolation needed",Hostel D Server Rack Room,high
1920,fire_safety,Emergency exit sign light bulb on floor 1 appears dim. needs urgent inspection.,Hostel A Ground Floor Lobby,low
2579,sanitation,"minor bad odor from washroom floor drain, needs disinfectant. Needs urgent inspection.",Hostel D Terrace Access,low
3134,other,lost water bottle left behind in common room lounge. Students are worried about safety.,Hostel E Water Tank Area,low
1625,network,intermittent ping spikes while playing online educational tutorials. Please send someone to check as soon as possible.,Hostel B Main Electrical Room,low
3079,security,hostel perimeter gate breached by hostile mob or unauthorized group,Central Canteen Kitchen Area,high
1731,network,"entire wing unable to connect to campus wifi, obtaining IP address error",Hostel E Water Tank Area,medium
2740,sanitation,severe biological hazard with toxic sewage backing up into all ground floor washrooms,Academic Block 1 Room 101,high
2149,fire_safety,"strong gas leak detected near mess kitchen cylinder bank, hissing sound and heavy smell. Please resolve this quickly.",Hostel D Server Rack Room,high
2396,structural,false ceiling panel sagging downward in common study room,Central Canteen Kitchen Area,medium
2762,sanitation,Burst main septic chamber overflowing across hostel perimeter. kindly update ticket status once inspected.,Academic Block 1 Room 101,high
1177,electrical,Power socket feels warm to the touch after using for an hour. very concerning situation.,Hostel B Corridor 3rd Floor,medium
2338,structural,False ceiling panel sagging downward in common study room. please resolve this quickly.,Hostel C Room 305,medium
2389,structural,deep diagonal crack appearing along corridor wall growing over last 2 weeks,Hostel F Room 118,medium
1352,plumbing,"tap slowly dripping in bathroom sink, bucket placed underneath. Very concerning situation.",Hostel B Balcony,low
2929,security,Emergency security phone box on campus pathway broken and unresponsive,Hostel D Server Rack Room,medium
1462,plumbing,washroom drain blocked with accumulated debris causing ankle-deep puddle. Needs urgent inspection.,Hostel F Room 118,medium
2682,sanitation,cockroach and pest infestation noticed in pantry cabinets and floor washroom,Hostel C Room 305,medium
2789,sanitation,fecal matter and sewage overflow flooding hallway and entering student living areas. Affecting multiple students.,Hostel A Ground Floor Lobby,high
2940,security,electronic biometric access door stuck in open position allowing anyone entry,Hostel C Basement Study Room,medium
3121,other,Lost student id card found in library and placed at reception,Hostel A Dining Hall,low
1965,fire_safety,emergency evacuation map near lift lobby is faded,Hostel D Terrace Access,low
1983,fire_safety,fire safety instruction poster in corridor is torn and needs replacement,Hostel C Staircase,low
3296,other,Severe noise disruption from unauthorized party in room late at night. students are worried about safety.,Hostel A Dining Hall,medium
2792,sanitation,"uncontrolled pest and pathogen outbreak in dining hall kitchen, critical health risk. Kindly update ticket status once inspected.",Hostel A Floor 2 Washroom,high
3132,other,suggestion box key misplaced by hostel committee,Library 2nd Floor Reading Hall,low
2371,structural,large chunks of plaster fell from ceiling onto study table while room was empty,Hostel D Cafeteria,medium
2042,fire_safety,fire extinguisher missing from its designated wall bracket on floor 3. Please send someone to check as soon as possible.,Hostel E Room 501,medium
1595,plumbing,severe structural flooding threatening server room on ground floor,Hostel A Ground Floor Lobby,high
2783,sanitation,massive black toxic mold infestation causing breathing difficulties for entire wing,Academic Block 1 Room 101,high
1394,plumbing,slow drip from flush tank valve into the commode,Hostel B Corridor 3rd Floor,low
2949,security,Emergency security phone box on campus pathway broken and unresponsive,Hostel C Wing West Common Area,medium
2612,sanitation,blocked urinal overflowing dirty water onto restroom floor. Happening since last night.,Hostel F Room 118,medium
2010,fire_safety,emergency exit door jammed shut and cannot be pushed open from inside,Hostel C Room 305,medium
2091,fire_safety,emergency exit staircase blocked by discarded furniture and old mattresses,Academic Block 1 Room 101,medium
1714,network,"core floor switch unresponsive, student exams affected. Happening since last night.",Academic Block 1 Room 101,medium
1723,network,"Wifi access point on 2nd floor completely dead, no ssid broadcasting. students are worried about safety.",Hostel A Floor 2 Washroom,medium
3137,other,campus bus schedule poster is outdated and needs update,Hostel B Balcony,low
2479,structural,corridor floor slab sagging and separating from main wall joint,Hostel D Terrace Access,high
2582,sanitation,"minor bad odor from washroom floor drain, needs disinfectant",Hostel A Floor 2 Washroom,low
3119,other,Campus bus schedule poster is outdated and needs update,Hostel D Room 412,low
1949,fire_safety,dust accumulated on corridor smoke sensor casing,Hostel A Dining Hall,low
2526,sanitation,stray leaves accumulated outside hostel entrance doorway,Hostel C Wing West Common Area,low
1728,network,hostel router rebooting constantly every 10 minutes disrupting classes,Hostel A Floor 2 Washroom,medium
1986,fire_safety,emergency exit sign light bulb on floor 1 appears dim,Hostel F Room 118,low
2968,security,ground floor window security grill loose and screws removed. Please resolve this quickly.,Hostel B Main Electrical Room,medium
2902,security,ground floor window security grill loose and screws removed,Hostel E Room 501,medium
1058,electrical,Study lamp switch is a bit loose and sometimes requires multiple clicks to turn on. please send someone to check as soon as possible.,Hostel B Room 214,low
2194,fire_safety,"Active building fire with heavy smoke, emergency evacuation underway. reported this earlier today.",Hostel B Corridor 3rd Floor,high
3127,other,notice board glass in lobby has finger smudges,Hostel A Room 102,low
3061,security,Hostel perimeter gate breached by hostile mob or unauthorized group. affecting multiple students.,Hostel A Ground Floor Lobby,high
2522,sanitation,dust accumulated on common room window ledges,Hostel D Server Rack Room,low
1810,network,"complete blackout of all communication channels, internet and VoIP down campus-wide",Hostel D Server Rack Room,high
3310,other,"Critical medical crisis: student injured with heavy bleeding, urgent first aid needed. needs urgent inspection.",Library 2nd Floor Reading Hall,high
1070,electrical,Exhaust fan switch in bathroom is stiff and makes a slight click sound,Hostel E Room 501,low
1451,plumbing,washroom drain blocked with accumulated debris causing ankle-deep puddle. Very concerning situation.,Hostel C Staircase,medium
2745,sanitation,"toxic sewer gas backup filling residential wing, multiple students feeling nauseous",Hostel A Floor 2 Washroom,high
2485,structural,building foundation wall cracked with noticeable tilt in hostel wing B,Central Canteen Kitchen Area,high
3243,other,elevator getting stuck between floors 2 and 3 intermittently,Hostel C Staircase,medium
1331,plumbing,washbasin drain is draining slowly after brushing teeth,Hostel C Basement Study Room,low
2757,sanitation,burst main septic chamber overflowing across hostel perimeter. Please send someone to check as soon as possible.,Hostel D Terrace Access,high
1651,network,guest wifi login portal page takes long time to load,Hostel E Water Tank Area,low
2005,fire_safety,emergency exit door jammed shut and cannot be pushed open from inside. Reported this earlier today.,Hostel A Floor 2 Washroom,medium
1579,plumbing,Burst main water pipe flooding corridor and seeping into student rooms. reported this earlier today.,Hostel C Staircase,high
2187,fire_safety,"active fire detected in 2nd floor pantry, flames spreading to wooden cabinets. Affecting multiple students.",Hostel B Main Electrical Room,high
1594,plumbing,flooding in basement electrical substation from burst storm drain pipe. Please send someone to check as soon as possible.,Hostel A Ground Floor Lobby,high
1578,plumbing,"strong LPG gas smell accompanied by water leakage in mess kitchen area, immediate danger. Reported this earlier today.",Library 2nd Floor Reading Hall,high
2185,fire_safety,"smoke alarm activated, smoke pouring out from closed room 412, occupants trapped. Please send someone to check as soon as possible.",Hostel B Corridor 3rd Floor,high
1506,plumbing,massive water flood on 3rd floor reaching electrical sockets and elevators,Academic Block 1 Room 101,high
1644,network,Intermittent ping spikes while playing online educational tutorials,Library 2nd Floor Reading Hall,low
1182,electrical,corridor lights went dark due to tripped MCB on floor 3,Hostel C Wing West Common Area,medium
1078,electrical,fluorescent tube in bathroom takes a few seconds to light up,Hostel D Cafeteria,low
2110,fire_safety,"smoke alarm activated, smoke pouring out from closed room 412, occupants trapped",Hostel E Water Tank Area,high
2848,security,security mirror at staircase corner is slightly tilted,Hostel C Basement Study Room,low
2919,security,unauthorized trespasser seen wandering hostel corridors without visitor badge. Affecting multiple students.,Hostel B Balcony,medium
2658,sanitation,stagnant water pool near water purifier breeding mosquitoes. Happening since last night.,Hostel E Water Tank Area,medium
3305,other,"deadly venomous snake sighted inside student room under bed, urgent wildlife rescue. Please send someone to check as soon as possible.",Hostel C Basement Study Room,high
3226,other,honeybee or wasp nest building up under 3rd floor window ledge,Hostel A Dining Hall,medium
2868,security,corridor security camera dome cover is dusty,Hostel C Wing West Common Area,low
2321,structural,deep diagonal crack appearing along corridor wall growing over last 2 weeks,Hostel C Basement Study Room,medium
3219,other,loud screeching noise from ventilation shaft disrupting sleep. Very concerning situation.,Hostel D Cafeteria,medium
3353,other,Toxic fume release from basement laboratory drifting into student dorms,Hostel A Floor 2 Washroom,high
3369,other,gas cylinder valve leaking rapidly with loud hissing in cafeteria kitchen,Hostel D Terrace Access,high
2554,sanitation,dust accumulated on common room window ledges. Please resolve this quickly.,Hostel D Server Rack Room,low
2038,fire_safety,Fire exit route obstructed by heavy storage boxes,Hostel A Ground Floor Lobby,medium
2826,security,Bicycle rack outside hostel has one loose bolt on stand,Hostel C Room 305,low
2150,fire_safety,explosion sound followed by fire in chemical storage room near lab. Reported this earlier today.,Hostel D Server Rack Room,high
2536,sanitation,housekeeping missed morning sweeping in wing C corridor,Hostel E Room 501,low
1804,network,campus-wide network and core firewall crash during online placement exams. Kindly update ticket status once inspected.,Hostel C Staircase,high
1843,network,network core failure disabling campus biometric security gates and CCTV stream. Please send someone to check as soon as possible.,Library 2nd Floor Reading Hall,high
2585,sanitation,soap dispenser empty in common washroom. Kindly update ticket status once inspected.,Hostel C Wing West Common Area,low
2987,security,electronic biometric access door stuck in open position allowing anyone entry. Kindly update ticket status once inspected.,Main Auditorium Hall B,medium
1173,electrical,"exhaust fan in floor bathroom stopped working completely, burning smell noticed initially",Hostel A Floor 2 Washroom,medium
1342,plumbing,washbasin drain is draining slowly after brushing teeth. Reported this earlier today.,Hostel D Server Rack Room,low
3225,other,loud screeching noise from ventilation shaft disrupting sleep,Hostel B Room 214,medium
1854,network,campus-wide network and core firewall crash during online placement exams,Main Auditorium Hall B,high
1318,plumbing,Washbasin drain is draining slowly after brushing teeth. very concerning situation.,Central Canteen Kitchen Area,low
2853,security,corridor security camera dome cover is dusty,Hostel C Wing West Common Area,low
2144,fire_safety,"active building fire with heavy smoke, emergency evacuation underway",Hostel D Server Rack Room,high
2386,structural,"balcony safety railing is loose and wobbles when pushed, dangerous for students",Hostel F Room 118,medium
2330,structural,heavy water seepage causing wall to bulge and paint to peel severely. Students are worried about safety.,Hostel C Staircase,medium
1604,network,periodic minor disconnects during late night hours,Hostel A Room 102,low
3141,other,notice board glass in lobby has finger smudges,Hostel A Dining Hall,low
3151,other,Clock in study room is running 15 minutes slow. needs urgent inspection.,Hostel C Basement Study Room,low
3384,other,major structural ceiling collapse and fire emergency in main hall. Kindly update ticket status once inspected.,Central Canteen Kitchen Area,high
3190,other,clock in study room is running 15 minutes slow,Hostel E Water Tank Area,low
2970,security,electronic biometric access door stuck in open position allowing anyone entry,Hostel C Basement Study Room,medium
2464,structural,major structural pillar in basement shows wide cracks and exposed rebar buckling,Hostel C Basement Study Room,high
2264,structural,wardrobe door hinge is squeaking and slightly misaligned,Hostel B Main Electrical Room,low
2151,fire_safety,"thick black smoke filling hostel 3rd floor corridor, alarms blaring, evacuation needed",Hostel A Room 102,high
1820,network,network core failure disabling campus biometric security gates and CCTV stream. Reported this earlier today.,Hostel B Main Electrical Room,high
2565,sanitation,dust accumulated on common room window ledges,Hostel B Room 214,low
2823,security,door peephole on room door is scratched and foggy. Please resolve this quickly.,Hostel C Staircase,low
1022,electrical,Room switchboard has a slightly loose switch for the fan. noticeable smell and noise.,Hostel E Room 501,low
3183,other,clock in study room is running 15 minutes slow,Hostel C Basement Study Room,low
3370,other,"critical medical crisis: student injured with heavy bleeding, urgent first aid needed",Academic Block 1 Room 101,high
1856,network,"data center core switch overheating and shutdown, all emergency lines down",Hostel C Room 305,high
1428,plumbing,"no running water on entire 2nd floor since morning, tanks appear empty",Hostel B Balcony,medium
3293,other,stray dog entered hostel corridor and growling at students passing by. Noticeable smell and noise.,Hostel E Water Tank Area,medium
2576,sanitation,cobwebs gathered in corner of ceiling in hallway,Main Auditorium Hall B,low
1415,plumbing,drain pipe clogged and water backing up into bathroom stall,Hostel B Main Electrical Room,medium
2779,sanitation,"toxic sewer gas backup filling residential wing, multiple students feeling nauseous",Central Canteen Kitchen Area,high
3287,other,broken glass bottles scattered across basketball court walkway,Hostel D Cafeteria,medium
2178,fire_safety,"flames visible from waste disposal chute on ground floor, spreading fast. Very concerning situation.",Hostel D Cafeteria,high
3159,other,room curtain rod bracket is slightly bent,Hostel D Room 412,low
3031,security,"shots or explosive sounds heard near perimeter fence, lockdown initiated",Hostel B Room 214,high
1471,plumbing,Foul smelling dirty water coming out from tap in hostel wing. affecting multiple students.,Hostel A Dining Hall,medium
2651,sanitation,sewage smell rising from multiple bathroom drains on 2nd floor. Affecting multiple students.,Hostel C Staircase,medium
2820,security,Visitor sign-in book at security desk is full and needs replacement. needs urgent inspection.,Hostel B Corridor 3rd Floor,low
2055,fire_safety,corridor fire alarm strobe light not activating during system test. Noticeable smell and noise.,Hostel D Cafeteria,medium
2081,fire_safety,fire extinguisher missing from its designated wall bracket on floor 3,Academic Block 1 Room 101,medium
2646,sanitation,waste disposal bin broken and spilling contaminated waste into corridor,Hostel C Wing West Common Area,medium
2218,structural,Wooden study desk drawer sticks when opening,Hostel E Water Tank Area,low
1908,fire_safety,Dust accumulated on corridor smoke sensor casing,Hostel D Server Rack Room,low
1685,network,speed test shows 5 Mbps instead of usual 50 Mbps in our room,Gymnasium Locker Room,low
2074,fire_safety,hydrant valve leaking water into the emergency staircase landing. Affecting multiple students.,Hostel E Water Tank Area,medium
2170,fire_safety,"smoke alarm activated, smoke pouring out from closed room 412, occupants trapped",Hostel A Room 102,high
2121,fire_safety,"strong gas leak detected near mess kitchen cylinder bank, hissing sound and heavy smell",Hostel A Dining Hall,high
3040,security,hostel perimeter gate breached by hostile mob or unauthorized group,Hostel E Water Tank Area,high
1546,plumbing,"main supply line cracked wide open, stairs transformed into water cascade. Kindly update ticket status once inspected.",Hostel C Room 305,high
2148,fire_safety,"smoke alarm activated, smoke pouring out from closed room 412, occupants trapped",Hostel D Terrace Access,high
1133,electrical,"exhaust fan in floor bathroom stopped working completely, burning smell noticed initially",Hostel F Room 118,medium
1180,electrical,corridor lights went dark due to tripped MCB on floor 3,Hostel D Terrace Access,medium
1802,network,"complete blackout of all communication channels, internet and VoIP down campus-wide",Hostel B Main Electrical Room,high
2232,structural,balcony door handle is slightly loose when turning,Hostel F Room 118,low
1510,plumbing,"uncontrolled high pressure water gushing from main riser pipe, rooms submerged. Please resolve this quickly.",Hostel A Room 102,high
3275,other,severe noise disruption from unauthorized party in room late at night,Hostel C Wing West Common Area,medium
2399,structural,bathroom door frame rotten at base and detaching from wall,Hostel E Water Tank Area,medium
2657,sanitation,severe rodent problem in ground floor storage room chewing cables. Please resolve this quickly.,Hostel D Server Rack Room,medium
2439,structural,major structural pillar in basement shows wide cracks and exposed rebar buckling,Library 2nd Floor Reading Hall,high
3349,other,severe chemical spill in corridor causing eye irritation and breathing distress. Needs urgent inspection.,Hostel A Floor 2 Washroom,high
2049,fire_safety,strong burning paper or wood smell in courtyard with smoke source unknown. Very concerning situation.,Library 2nd Floor Reading Hall,medium
2617,sanitation,waste disposal bin broken and spilling contaminated waste into corridor. Needs urgent inspection.,Hostel B Corridor 3rd Floor,medium
2002,fire_safety,corridor fire alarm strobe light not activating during system test. Needs urgent inspection.,Main Auditorium Hall B,medium
1210,electrical,Severe electrical burn smell and active sparks from air conditioner unit,Hostel A Ground Floor Lobby,high
1008,electrical,Ceiling tube light flickers intermittently when switched on in the evening. very concerning situation.,Hostel C Basement Study Room,low
2996,security,security CCTV camera on 2nd floor corridor is offline with black screen,Hostel B Room 214,medium
2207,structural,room door needs a stopper installed to prevent banging,Hostel D Cafeteria,low
1405,plumbing,"water pipe under sink leaking steady stream, water pooling on floor",Central Canteen Kitchen Area,medium
2623,sanitation,blocked urinal overflowing dirty water onto restroom floor,Hostel B Main Electrical Room,medium
1047,electrical,power outlet feels a little loose when plugging in laptop charger,Library 2nd Floor Reading Hall,low
2888,security,Bicycle rack outside hostel has one loose bolt on stand,Central Canteen Kitchen Area,low
2053,fire_safety,hydrant valve leaking water into the emergency staircase landing,Library 2nd Floor Reading Hall,medium
1540,plumbing,"strong LPG gas smell accompanied by water leakage in mess kitchen area, immediate danger. Reported this earlier today.",Academic Block 1 Room 101,high
2052,fire_safety,fire extinguisher missing from its designated wall bracket on floor 3,Hostel E Water Tank Area,medium
3228,other,severe noise disruption from unauthorized party in room late at night,Hostel D Room 412,medium
3075,security,"hostel main entry doors breached, intruder threatening occupants",Hostel B Room 214,high
1695,network,guest wifi login portal page takes long time to load,Hostel F Room 118,low
3214,other,elevator getting stuck between floors 2 and 3 intermittently. Students are worried about safety.,Hostel A Room 102,medium
1114,electrical,sparking sound heard when inserting 3-pin laptop adapter into wall socket,Hostel C Room 305,medium
1950,fire_safety,fire bucket sand level is low in ground floor station,Hostel C Basement Study Room,low
1354,plumbing,water tap in washroom leaks a few drops every minute,Hostel E Water Tank Area,low
1117,electrical,fan regulator is overheating and burning odor coming from switchboard,Hostel F Room 118,medium
2667,sanitation,stagnant water pool near water purifier breeding mosquitoes,Hostel A Dining Hall,medium
1774,network,"core floor switch unresponsive, student exams affected. Noticeable smell and noise.",Central Canteen Kitchen Area,medium
1838,network,Primary fiber optic uplink cable severed during construction outside hostel. kindly update ticket status once inspected.,Academic Block 1 Room 101,high
1858,network,Network core failure disabling campus biometric security gates and cctv stream. kindly update ticket status once inspected.,Hostel E Water Tank Area,high
2977,security,emergency security phone box on campus pathway broken and unresponsive,Hostel B Corridor 3rd Floor,medium
1453,plumbing,water supply completely cut off to floor 4 bathrooms for 6 hours,Hostel B Main Electrical Room,medium
1622,network,Ethernet port in room has a loose latch but connection works. very concerning situation.,Academic Block 1 Room 101,low
2641,sanitation,waste disposal bin broken and spilling contaminated waste into corridor,Hostel B Corridor 3rd Floor,medium
2890,security,door peephole on room door is scratched and foggy,Hostel D Cafeteria,low
2997,security,"theft reported from unattended room on floor 3, laptop and wallet stolen. Kindly update ticket status once inspected.",Hostel C Basement Study Room,medium
2959,security,emergency security phone box on campus pathway broken and unresponsive,Hostel E Water Tank Area,medium
3139,other,suggestion box key misplaced by hostel committee,Hostel B Main Electrical Room,low
1084,electrical,room switchboard has a slightly loose switch for the fan,Hostel C Room 305,low
1691,network,DNS lookup seems slightly delayed on hostel subnet. Students are worried about safety.,Academic Block 1 Room 101,low
2875,security,visitor sign-in book at security desk is full and needs replacement. Please resolve this quickly.,Hostel A Dining Hall,low
2459,structural,corridor floor slab sagging and separating from main wall joint,Academic Block 1 Room 101,high
3254,other,honeybee or wasp nest building up under 3rd floor window ledge. Please send someone to check as soon as possible.,Central Canteen Kitchen Area,medium
2562,sanitation,dustbin in common corridor is full and needs daily emptying,Hostel D Cafeteria,low
1160,electrical,"exhaust fan in floor bathroom stopped working completely, burning smell noticed initially. Happening since last night.",Hostel C Staircase,medium
1054,electrical,Exhaust fan switch in bathroom is stiff and makes a slight click sound,Hostel B Corridor 3rd Floor,low
3224,other,Broken glass bottles scattered across basketball court walkway. very concerning situation.,Hostel A Ground Floor Lobby,medium
3089,security,"Shots or explosive sounds heard near perimeter fence, lockdown initiated. needs urgent inspection.",Hostel C Staircase,high
2891,security,room door key is slightly sticky in the lock cylinder,Hostel F Room 118,low
2083,fire_safety,fire alarm panel beeping continuously with yellow fault warning light. Happening since last night.,Hostel A Room 102,medium
1972,fire_safety,dust accumulated on corridor smoke sensor casing. Reported this earlier today.,Hostel D Cafeteria,low
2238,structural,small hairline crack on bedroom plaster near the window sill. Please send someone to check as soon as possible.,Hostel E Room 501,low
2315,structural,staircase concrete step cracked in half and unstable under foot traffic. Very concerning situation.,Hostel D Cafeteria,medium
3085,security,"armed intruder or violent trespasser reported inside hostel block, lockdown needed. Students are worried about safety.",Hostel B Room 214,high
3170,other,clock in study room is running 15 minutes slow,Hostel C Wing West Common Area,low
1350,plumbing,sink drain strainer missing causing slow water flow,Hostel B Main Electrical Room,low
3024,security,"Violent altercation with weapons reported in common room, students in danger. reported this earlier today.",Library 2nd Floor Reading Hall,high
1430,plumbing,hot water geyser not heating and leaking water from bottom connection,Hostel C Basement Study Room,medium
1386,plumbing,sink drain strainer missing causing slow water flow. Reported this earlier today.,Hostel D Server Rack Room,low
2096,fire_safety,smoke detector in corridor sounding false alarms intermittently,Central Canteen Kitchen Area,medium
3308,other,"passenger elevator cable snapped and safety brake engaged, 4 students trapped inside in darkness. Reported this earlier today.",Hostel A Ground Floor Lobby,high
1765,network,"wifi access point on 2nd floor completely dead, no SSID broadcasting",Hostel B Corridor 3rd Floor,medium
1928,fire_safety,Hose reel cabinet door latch is stiff to open. noticeable smell and noise.,Hostel F Room 118,low
1998,fire_safety,dust accumulated on corridor smoke sensor casing. Needs urgent inspection.,Hostel D Room 412,low
2556,sanitation,Soap dispenser empty in common washroom,Hostel F Room 118,low
2072,fire_safety,strong burning paper or wood smell in courtyard with smoke source unknown,Hostel B Corridor 3rd Floor,medium
2416,structural,corridor floor slab sagging and separating from main wall joint,Hostel B Room 214,high
1072,electrical,"Wall plug in room works but looks slightly worn out, please inspect when free",Hostel D Terrace Access,low
1411,plumbing,Hot water geyser not heating and leaking water from bottom connection. very concerning situation.,Hostel A Room 102,medium
2698,sanitation,severe rodent problem in ground floor storage room chewing cables. Needs urgent inspection.,Hostel D Cafeteria,medium
2678,sanitation,cockroach and pest infestation noticed in pantry cabinets and floor washroom,Hostel B Room 214,medium
2400,structural,Deep diagonal crack appearing along corridor wall growing over last 2 weeks. affecting multiple students.,Hostel E Water Tank Area,medium
3320,other,toxic fume release from basement laboratory drifting into student dorms. Please resolve this quickly.,Hostel B Room 214,high
1007,electrical,minor flicker in hallway lighting during evening hours,Hostel B Balcony,low
2982,security,emergency security phone box on campus pathway broken and unresponsive. Affecting multiple students.,Hostel A Room 102,medium
2184,fire_safety,"flames visible from waste disposal chute on ground floor, spreading fast. Reported this earlier today.",Main Auditorium Hall B,high
3273,other,Washing machine in laundry room vibrating violently and leaking soapy water,Hostel B Room 214,medium
2911,security,"theft reported from unattended room on floor 3, laptop and wallet stolen. Happening since last night.",Central Canteen Kitchen Area,medium
3005,security,"armed intruder or violent trespasser reported inside hostel block, lockdown needed",Main Auditorium Hall B,high
3329,other,gas cylinder valve leaking rapidly with loud hissing in cafeteria kitchen,Hostel D Terrace Access,high
2114,fire_safety,major electrical fire spreading along cable tray across residential floor,Hostel F Room 118,high
3221,other,gym equipment cable frayed and snapping during use. Noticeable smell and noise.,Hostel A Dining Hall,medium
2831,security,corridor security camera dome cover is dusty. Noticeable smell and noise.,Hostel F Room 118,low
1711,network,local area network down for all rooms on the west corridor. Please resolve this quickly.,Hostel B Corridor 3rd Floor,medium
2743,sanitation,Severe contamination of drinking water system with sewage infiltration. please resolve this quickly.,Hostel B Balcony,high
1674,network,campus intranet portal loading slowly on mobile devices. Kindly update ticket status once inspected.,Gymnasium Locker Room,low
2089,fire_safety,corridor fire alarm strobe light not activating during system test,Hostel A Floor 2 Washroom,medium
3376,other,toxic fume release from basement laboratory drifting into student dorms. Happening since last night.,Gymnasium Locker Room,high
3011,security,"hostel main entry doors breached, intruder threatening occupants. Please send someone to check as soon as possible.",Hostel A Floor 2 Washroom,high
2825,security,bicycle rack outside hostel has one loose bolt on stand. Happening since last night.,Gymnasium Locker Room,low
2703,sanitation,hazardous medical or chemical waste dumped illegally behind residential block,Main Auditorium Hall B,high
1629,network,ethernet port in room has a loose latch but connection works,Hostel B Room 214,low
2489,structural,"External facade wall collapse crushing walkway below, immediate evacuation required. kindly update ticket status once inspected.",Hostel D Terrace Access,high
1839,network,Server room network rack caught fire with melted switch cables,Hostel A Floor 2 Washroom,high
2830,security,corridor security camera dome cover is dusty. Students are worried about safety.,Hostel A Floor 2 Washroom,low
3185,other,Lost student id card found in library and placed at reception. happening since last night.,Hostel A Room 102,low
2380,structural,bathroom door frame rotten at base and detaching from wall,Gymnasium Locker Room,medium
1440,plumbing,hot water geyser not heating and leaking water from bottom connection,Hostel B Room 214,medium
1827,network,"Main fiber backbone disconnected, total campus disconnection from internet",Hostel A Ground Floor Lobby,high
1232,electrical,"Exposed live wire hanging near wet washroom entrance, serious shock hazard",Hostel E Water Tank Area,high
3196,other,bookshelf in common area needs reorganizing,Hostel D Room 412,low
1286,electrical,"exposed live wire hanging near wet washroom entrance, serious shock hazard",Hostel C Basement Study Room,high
2604,sanitation,Stagnant water pool near water purifier breeding mosquitoes,Hostel C Room 305,medium
2177,fire_safety,Emergency fire exit completely blocked while fire is spreading in staircase. reported this earlier today.,Hostel E Room 501,high
1377,plumbing,"tap slowly dripping in bathroom sink, bucket placed underneath",Hostel B Balcony,low
1917,fire_safety,hose reel cabinet door latch is stiff to open. Affecting multiple students.,Hostel C Wing West Common Area,low
1866,network,campus-wide network and core firewall crash during online placement exams,Hostel D Room 412,high
2191,fire_safety,fire sprinkler pipe ruptured but no water flowing while flames grow in lounge,Academic Block 1 Room 101,high
2601,sanitation,"kitchen waste disposal clogged, attracting stray animals near entrance. Noticeable smell and noise.",Hostel B Corridor 3rd Floor,medium
2945,security,ground floor window security grill loose and screws removed,Hostel D Cafeteria,medium
3324,other,"passenger elevator cable snapped and safety brake engaged, 4 students trapped inside in darkness",Hostel E Room 501,high
2270,structural,wooden study desk drawer sticks when opening,Hostel E Room 501,low
2045,fire_safety,corridor fire alarm strobe light not activating during system test. Reported this earlier today.,Gymnasium Locker Room,medium
2794,sanitation,"main sewage line ruptured inside hostel corridor, raw sewage flooding rooms. Needs urgent inspection.",Central Canteen Kitchen Area,high
1218,electrical,"sparks and black smoke coming from main switchboard in corridor, urgent",Hostel B Corridor 3rd Floor,high
1520,plumbing,"main supply line cracked wide open, stairs transformed into water cascade. Kindly update ticket status once inspected.",Hostel B Corridor 3rd Floor,high
3280,other,severe noise disruption from unauthorized party in room late at night. Needs urgent inspection.,Library 2nd Floor Reading Hall,medium
2691,sanitation,Waste disposal bin broken and spilling contaminated waste into corridor,Central Canteen Kitchen Area,medium
2609,sanitation,garbage pile uncollected for 4 days outside hostel block attracting flies,Hostel F Room 118,medium
1320,plumbing,"tap slowly dripping in bathroom sink, bucket placed underneath. Reported this earlier today.",Hostel C Basement Study Room,low
1615,network,printer on floor network is occasionally unreachable,Hostel A Dining Hall,low
1295,electrical,"active electrical fire in junction box near room 305, burning plastic smell and flames",Main Auditorium Hall B,high
2036,fire_safety,fire hose pipe nozzle cracked and leaking during weekly pressure test. Students are worried about safety.,Hostel E Water Tank Area,medium
2373,structural,heavy water seepage causing wall to bulge and paint to peel severely. Students are worried about safety.,Central Canteen Kitchen Area,medium
2212,structural,wooden study desk drawer sticks when opening,Hostel A Floor 2 Washroom,low
2768,sanitation,hazardous medical or chemical waste dumped illegally behind residential block. Please resolve this quickly.,Hostel E Water Tank Area,high
2649,sanitation,cockroach and pest infestation noticed in pantry cabinets and floor washroom,Central Canteen Kitchen Area,medium
2832,security,security mirror at staircase corner is slightly tilted,Hostel E Water Tank Area,low
1895,network,"Data center core switch overheating and shutdown, all emergency lines down",Hostel D Room 412,high
1363,plumbing,Washbasin drain is draining slowly after brushing teeth,Hostel A Ground Floor Lobby,low
2050,fire_safety,smoke detector in corridor sounding false alarms intermittently,Hostel D Terrace Access,medium
1126,electrical,fan regulator is overheating and burning odor coming from switchboard,Hostel B Corridor 3rd Floor,medium
2950,security,emergency security phone box on campus pathway broken and unresponsive,Hostel C Basement Study Room,medium
1338,plumbing,faucet aerator in pantry has slight leak around the joint. Please resolve this quickly.,Central Canteen Kitchen Area,low
2847,security,room door key is slightly sticky in the lock cylinder. Please send someone to check as soon as possible.,Hostel B Corridor 3rd Floor,low
1576,plumbing,Massive water flood on 3rd floor reaching electrical sockets and elevators,Hostel A Room 102,high
2202,structural,small hairline crack on bedroom plaster near the window sill,Hostel B Balcony,low
1062,electrical,fluorescent tube in bathroom takes a few seconds to light up,Hostel C Room 305,low
2928,security,"theft reported from unattended room on floor 3, laptop and wallet stolen",Hostel C Basement Study Room,medium
2819,security,visitor sign-in book at security desk is full and needs replacement,Hostel A Room 102,low
3288,other,elevator getting stuck between floors 2 and 3 intermittently. Needs urgent inspection.,Hostel E Water Tank Area,medium
1382,plumbing,faucet in 3rd floor bathroom needs washer replacement due to slight leak. Needs urgent inspection.,Hostel C Staircase,low
1757,network,"wifi access point on 2nd floor completely dead, no SSID broadcasting. Students are worried about safety.",Hostel D Room 412,medium
1763,network,Dhcp server not assigning ip addresses to students on hostel network,Hostel E Water Tank Area,medium
1099,electrical,"study table socket cover plate is loose, need maintenance check. Needs urgent inspection.",Hostel C Basement Study Room,low
2900,security,room door key is slightly sticky in the lock cylinder,Gymnasium Locker Room,low
1096,electrical,"study table socket cover plate is loose, need maintenance check. Noticeable smell and noise.",Hostel D Terrace Access,low
1088,electrical,exhaust fan switch in bathroom is stiff and makes a slight click sound,Gymnasium Locker Room,low
3010,security,"violent altercation with weapons reported in common room, students in danger",Hostel C Staircase,high
3341,other,major structural ceiling collapse and fire emergency in main hall,Hostel D Terrace Access,high
3246,other,broken glass bottles scattered across basketball court walkway,Hostel B Main Electrical Room,medium
2163,fire_safety,"smoke alarm activated, smoke pouring out from closed room 412, occupants trapped. Kindly update ticket status once inspected.",Central Canteen Kitchen Area,high
1704,network,local area network down for all rooms on the west corridor. Noticeable smell and noise.,Hostel A Ground Floor Lobby,medium
1157,electrical,"frequent voltage fluctuations noticed across floor 2, appliances turning off. Please send someone to check as soon as possible.",Hostel D Server Rack Room,medium
3388,other,"roof water tank collapsed through ceiling into top floor rooms, students trapped. Very concerning situation.",Hostel D Room 412,high
2725,sanitation,"toxic sewer gas backup filling residential wing, multiple students feeling nauseous",Hostel D Cafeteria,high
3172,other,clock in study room is running 15 minutes slow. Please send someone to check as soon as possible.,Hostel D Server Rack Room,low
3218,other,Washing machine in laundry room vibrating violently and leaking soapy water. needs urgent inspection.,Hostel B Corridor 3rd Floor,medium
2901,security,emergency security phone box on campus pathway broken and unresponsive. Affecting multiple students.,Hostel D Cafeteria,medium
2491,structural,roof concrete slab cracking open with pieces falling into top floor rooms,Hostel C Room 305,high
1098,electrical,ceiling tube light flickers intermittently when switched on in the evening. Students are worried about safety.,Hostel C Basement Study Room,low
3377,other,"critical medical crisis: student injured with heavy bleeding, urgent first aid needed",Hostel D Server Rack Room,high
2747,sanitation,"Main sewage line ruptured inside hostel corridor, raw sewage flooding rooms. students are worried about safety.",Hostel B Balcony,high
2680,sanitation,stagnant water pool near water purifier breeding mosquitoes. Happening since last night.,Hostel D Cafeteria,medium
1967,fire_safety,fire safety instruction poster in corridor is torn and needs replacement,Hostel A Floor 2 Washroom,low
1848,network,"complete blackout of all communication channels, internet and VoIP down campus-wide. Noticeable smell and noise.",Hostel D Cafeteria,high
3330,other,"roof water tank collapsed through ceiling into top floor rooms, students trapped. Students are worried about safety.",Hostel A Floor 2 Washroom,high
2769,sanitation,"dead animal decomposing in central water supply storage tank, water contaminated",Hostel B Corridor 3rd Floor,high
2563,sanitation,housekeeping missed morning sweeping in wing C corridor. Please send someone to check as soon as possible.,Hostel C Wing West Common Area,low
1910,fire_safety,emergency evacuation map near lift lobby is faded. Affecting multiple students.,Hostel E Water Tank Area,low
2014,fire_safety,corridor fire alarm strobe light not activating during system test. Kindly update ticket status once inspected.,Hostel B Corridor 3rd Floor,medium
3205,other,stray dog entered hostel corridor and growling at students passing by,Hostel B Balcony,medium
1221,electrical,heavy smoke and crackling sparks coming from distribution panel in wing B,Library 2nd Floor Reading Hall,high
1887,network,network core failure disabling campus biometric security gates and CCTV stream,Hostel D Terrace Access,high
1739,network,hostel router rebooting constantly every 10 minutes disrupting classes. Please resolve this quickly.,Library 2nd Floor Reading Hall,medium
1565,plumbing,water entering room through light fixtures from flooded floor above. Please resolve this quickly.,Hostel B Room 214,high
2395,structural,"balcony safety railing is loose and wobbles when pushed, dangerous for students",Hostel D Terrace Access,medium
3301,other,toxic fume release from basement laboratory drifting into student dorms,Hostel C Basement Study Room,high
3340,other,gas cylinder valve leaking rapidly with loud hissing in cafeteria kitchen. Very concerning situation.,Hostel D Server Rack Room,high
2707,sanitation,"main sewage line ruptured inside hostel corridor, raw sewage flooding rooms. Please send someone to check as soon as possible.",Central Canteen Kitchen Area,high
2817,security,room door key is slightly sticky in the lock cylinder. Happening since last night.,Hostel B Main Electrical Room,low
1118,electrical,Corridor lights went dark due to tripped mcb on floor 3,Hostel F Room 118,medium
1719,network,DHCP server not assigning IP addresses to students on hostel network. Please send someone to check as soon as possible.,Hostel B Balcony,medium
2648,sanitation,stagnant water pool near water purifier breeding mosquitoes. Needs urgent inspection.,Hostel A Floor 2 Washroom,medium
3050,security,"hostel main entry doors breached, intruder threatening occupants. Happening since last night.",Academic Block 1 Room 101,high
1441,plumbing,"water pipe under sink leaking steady stream, water pooling on floor. Please resolve this quickly.",Hostel B Corridor 3rd Floor,medium
2501,sanitation,housekeeping missed morning sweeping in wing C corridor,Hostel C Staircase,low
2477,structural,"large section of concrete ceiling collapsed into room 214, debris on bed",Hostel C Basement Study Room,high
1465,plumbing,"water pipe under sink leaking steady stream, water pooling on floor. Kindly update ticket status once inspected.",Hostel E Water Tank Area,medium
2876,security,id card scanner at turnstile takes 2 attempts to read card,Hostel E Room 501,low
2534,sanitation,soap dispenser empty in common washroom. Very concerning situation.,Hostel D Cafeteria,low
2444,structural,major structural pillar in basement shows wide cracks and exposed rebar buckling,Hostel B Corridor 3rd Floor,high
2798,sanitation,"uncontrolled pest and pathogen outbreak in dining hall kitchen, critical health risk",Hostel B Main Electrical Room,high
1333,plumbing,faucet in 3rd floor bathroom needs washer replacement due to slight leak. Affecting multiple students.,Academic Block 1 Room 101,low
2311,structural,Large chunks of plaster fell from ceiling onto study table while room was empty. please resolve this quickly.,Hostel B Main Electrical Room,medium
2496,structural,building foundation wall cracked with noticeable tilt in hostel wing B. Kindly update ticket status once inspected.,Hostel A Dining Hall,high
1600,plumbing,water entering room through light fixtures from flooded floor above. Happening since last night.,Hostel B Room 214,high
3338,other,"roof water tank collapsed through ceiling into top floor rooms, students trapped. Happening since last night.",Hostel D Terrace Access,high
1640,network,printer on floor network is occasionally unreachable,Hostel D Room 412,low
3110,other,suggestion box key misplaced by hostel committee,Hostel A Dining Hall,low
3319,other,major structural ceiling collapse and fire emergency in main hall,Hostel A Ground Floor Lobby,high
3078,security,hostel perimeter gate breached by hostile mob or unauthorized group,Hostel C Wing West Common Area,high
2175,fire_safety,emergency fire exit completely blocked while fire is spreading in staircase. Very concerning situation.,Hostel B Room 214,high
3191,other,bookshelf in common area needs reorganizing,Hostel F Room 118,low
2349,structural,sunshade slab outside 2nd floor window showing visible cracks and sag. Affecting multiple students.,Hostel C Room 305,medium
2828,security,visitor sign-in book at security desk is full and needs replacement. Happening since last night.,Central Canteen Kitchen Area,low
3227,other,washing machine in laundry room vibrating violently and leaking soapy water,Central Canteen Kitchen Area,medium
2662,sanitation,sanitation duct overflowing with gray water into rear courtyard,Hostel B Room 214,medium
1455,plumbing,"no running water on entire 2nd floor since morning, tanks appear empty. Please resolve this quickly.",Hostel A Dining Hall,medium
2058,fire_safety,Emergency exit staircase blocked by discarded furniture and old mattresses,Hostel B Main Electrical Room,medium
1730,network,no internet connection in entire block B while other blocks are fine,Gymnasium Locker Room,medium
2594,sanitation,dustbin in common corridor is full and needs daily emptying,Hostel C Room 305,low
1111,electrical,fan regulator is overheating and burning odor coming from switchboard,Hostel A Dining Hall,medium
1703,network,local area network down for all rooms on the west corridor. Kindly update ticket status once inspected.,Academic Block 1 Room 101,medium
1437,plumbing,toilet flush mechanism broken and overflowing into drainage pan. Happening since last night.,Hostel B Corridor 3rd Floor,medium
2133,fire_safety,"flames visible from waste disposal chute on ground floor, spreading fast",Hostel A Floor 2 Washroom,high
3238,other,honeybee or wasp nest building up under 3rd floor window ledge. Affecting multiple students.,Hostel B Main Electrical Room,medium
2309,structural,deep diagonal crack appearing along corridor wall growing over last 2 weeks,Hostel D Server Rack Room,medium
1063,electrical,minor flicker in hallway lighting during evening hours. Needs urgent inspection.,Hostel A Ground Floor Lobby,low
2234,structural,small hairline crack on bedroom plaster near the window sill,Hostel E Room 501,low
1988,fire_safety,emergency evacuation map near lift lobby is faded,Central Canteen Kitchen Area,low
1659,network,ethernet port in room has a loose latch but connection works,Gymnasium Locker Room,low
3283,other,student trapped inside study room due to jammed door knob. Reported this earlier today.,Hostel E Room 501,medium
2784,sanitation,"Toxic sewer gas backup filling residential wing, multiple students feeling nauseous",Academic Block 1 Room 101,high
1534,plumbing,severe structural flooding threatening server room on ground floor. Kindly update ticket status once inspected.,Hostel A Floor 2 Washroom,high
3165,other,bookshelf in common area needs reorganizing. Please send someone to check as soon as possible.,Hostel B Balcony,low
2616,sanitation,severe rodent problem in ground floor storage room chewing cables. Needs urgent inspection.,Hostel D Terrace Access,medium
1931,fire_safety,plastic cover on emergency break-glass box is cracked. Noticeable smell and noise.,Hostel D Server Rack Room,low
1803,network,"data center core switch overheating and shutdown, all emergency lines down",Hostel B Room 214,high
1745,network,access point blinking red light and rejecting all authentication attempts. Noticeable smell and noise.,Hostel A Ground Floor Lobby,medium
2158,fire_safety,major electrical fire spreading along cable tray across residential floor,Hostel D Terrace Access,high
2397,structural,"balcony safety railing is loose and wobbles when pushed, dangerous for students",Hostel B Balcony,medium
2442,structural,"large section of concrete ceiling collapsed into room 214, debris on bed. Kindly update ticket status once inspected.",Hostel D Terrace Access,high
1227,electrical,Severe electrical burn smell and active sparks from air conditioner unit. kindly update ticket status once inspected.,Hostel A Floor 2 Washroom,high
3245,other,severe noise disruption from unauthorized party in room late at night,Hostel A Room 102,medium
2117,fire_safety,"thick black smoke filling hostel 3rd floor corridor, alarms blaring, evacuation needed. Affecting multiple students.",Hostel D Server Rack Room,high
3325,other,major structural ceiling collapse and fire emergency in main hall. Kindly update ticket status once inspected.,Hostel C Staircase,high
1608,network,wifi speed is slower than usual in the corner of room 214,Hostel D Server Rack Room,low
3244,other,elevator getting stuck between floors 2 and 3 intermittently,Hostel F Room 118,medium
1371,plumbing,shower head has slightly low water pressure in room washroom. Very concerning situation.,Hostel B Balcony,low
3084,security,"panic alarm triggered in residential wing, active intruder alert",Hostel D Room 412,high
3272,other,Loud screeching noise from ventilation shaft disrupting sleep,Gymnasium Locker Room,medium
2032,fire_safety,fire exit route obstructed by heavy storage boxes. Reported this earlier today.,Hostel B Corridor 3rd Floor,medium
1066,electrical,room switchboard has a slightly loose switch for the fan. Noticeable smell and noise.,Hostel D Cafeteria,low
1764,network,Network switch in floor corridor making loud clicking noise and offline,Hostel B Corridor 3rd Floor,medium
2300,structural,wooden study desk drawer sticks when opening,Main Auditorium Hall B,low
3093,security,"armed intruder or violent trespasser reported inside hostel block, lockdown needed",Library 2nd Floor Reading Hall,high
2497,structural,building foundation wall cracked with noticeable tilt in hostel wing B,Hostel E Room 501,high
1108,electrical,intermittent power cut in entire wing while other wings have electricity. Students are worried about safety.,Hostel B Corridor 3rd Floor,medium
2993,security,ground floor window security grill loose and screws removed,Hostel D Cafeteria,medium
2922,security,Ground floor window security grill loose and screws removed. very concerning situation.,Hostel D Cafeteria,medium
3103,other,lost student ID card found in library and placed at reception. Noticeable smell and noise.,Hostel D Room 412,low
1664,network,campus intranet portal loading slowly on mobile devices. Happening since last night.,Library 2nd Floor Reading Hall,low
1488,plumbing,"water pipe under sink leaking steady stream, water pooling on floor",Hostel C Wing West Common Area,medium
1734,network,hostel router rebooting constantly every 10 minutes disrupting classes. Needs urgent inspection.,Hostel D Room 412,medium
1031,electrical,study lamp switch is a bit loose and sometimes requires multiple clicks to turn on. Needs urgent inspection.,Central Canteen Kitchen Area,low
2802,security,locker padlock key feels slightly worn out,Hostel D Server Rack Room,low
2376,structural,large chunks of plaster fell from ceiling onto study table while room was empty,Hostel E Water Tank Area,medium
1226,electrical,student got electrical shock from metallic water cooler body on floor 2,Hostel C Room 305,high
1358,plumbing,Washbasin drain is draining slowly after brushing teeth,Hostel B Main Electrical Room,low
2147,fire_safety,"flames visible from waste disposal chute on ground floor, spreading fast",Hostel E Water Tank Area,high
1267,electrical,student got electrical shock from metallic water cooler body on floor 2. Affecting multiple students.,Hostel D Terrace Access,high
2286,structural,Room door needs a stopper installed to prevent banging,Hostel C Room 305,low
2803,security,security mirror at staircase corner is slightly tilted. Very concerning situation.,Central Canteen Kitchen Area,low
2274,structural,window latch in room 204 is stiff and needs oiling,Hostel C Basement Study Room,low
2855,security,security mirror at staircase corner is slightly tilted. Kindly update ticket status once inspected.,Hostel E Water Tank Area,low
2224,structural,small chip in stair tread edge on ground floor landing. Needs urgent inspection.,Hostel B Corridor 3rd Floor,low
1478,plumbing,"no running water on entire 2nd floor since morning, tanks appear empty",Hostel D Cafeteria,medium
1443,plumbing,"no running water on entire 2nd floor since morning, tanks appear empty",Hostel A Ground Floor Lobby,medium
3101,other,notice board glass in lobby has finger smudges. Please send someone to check as soon as possible.,Main Auditorium Hall B,low
2424,structural,major structural pillar in basement shows wide cracks and exposed rebar buckling. Happening since last night.,Hostel D Terrace Access,high
1421,plumbing,washroom drain blocked with accumulated debris causing ankle-deep puddle. Noticeable smell and noise.,Hostel D Room 412,medium
1258,electrical,severe electrical burn smell and active sparks from air conditioner unit. Please send someone to check as soon as possible.,Hostel E Water Tank Area,high
2683,sanitation,blocked urinal overflowing dirty water onto restroom floor,Library 2nd Floor Reading Hall,medium
1684,network,Guest wifi login portal page takes long time to load,Hostel A Room 102,low
1104,electrical,"room circuit tripped twice while running iron and laptop, power cutoff in our room. Kindly update ticket status once inspected.",Hostel B Corridor 3rd Floor,medium
1044,electrical,power outlet feels a little loose when plugging in laptop charger,Hostel B Room 214,low
2811,security,Gate latch on secondary perimeter fence is loose,Hostel B Room 214,low
2375,structural,deep diagonal crack appearing along corridor wall growing over last 2 weeks,Hostel B Balcony,medium
2108,fire_safety,explosion sound followed by fire in chemical storage room near lab. Very concerning situation.,Hostel A Floor 2 Washroom,high
1251,electrical,"sparks and black smoke coming from main switchboard in corridor, urgent",Hostel C Staircase,high
1389,plumbing,faucet in 3rd floor bathroom needs washer replacement due to slight leak. Needs urgent inspection.,Gymnasium Locker Room,low
2279,structural,wardrobe door hinge is squeaking and slightly misaligned. Please send someone to check as soon as possible.,Hostel D Terrace Access,low
1816,network,primary fiber optic uplink cable severed during construction outside hostel. Kindly update ticket status once inspected.,Hostel D Cafeteria,high
1125,electrical,two sockets in room 214 have completely stopped providing power,Gymnasium Locker Room,medium
3354,other,"roof water tank collapsed through ceiling into top floor rooms, students trapped",Hostel B Main Electrical Room,high
1753,network,"entire wing unable to connect to campus wifi, obtaining IP address error",Hostel B Corridor 3rd Floor,medium
2441,structural,building foundation wall cracked with noticeable tilt in hostel wing B,Library 2nd Floor Reading Hall,high
1743,network,"entire wing unable to connect to campus wifi, obtaining IP address error",Hostel B Main Electrical Room,medium
1484,plumbing,continuous leak from rooftop overhead tank overflow pipe flooding balcony,Hostel C Basement Study Room,medium
1911,fire_safety,hose reel cabinet door latch is stiff to open,Hostel E Room 501,low
2663,sanitation,sewage smell rising from multiple bathroom drains on 2nd floor. Please send someone to check as soon as possible.,Hostel E Room 501,medium
1445,plumbing,continuous leak from rooftop overhead tank overflow pipe flooding balcony. Please send someone to check as soon as possible.,Hostel B Main Electrical Room,medium
2625,sanitation,"kitchen waste disposal clogged, attracting stray animals near entrance",Hostel E Water Tank Area,medium
1068,electrical,desk light bulb has gone dim over the last few days,Academic Block 1 Room 101,low
2573,sanitation,soap dispenser empty in common washroom. Noticeable smell and noise.,Hostel A Ground Floor Lobby,low
2303,structural,main corridor entrance glass door cracked and rattling in high wind,Hostel A Room 102,medium
2887,security,bicycle rack outside hostel has one loose bolt on stand. Needs urgent inspection.,Hostel A Dining Hall,low
1203,electrical,live wire snapped and touching metallic railing on staircase. Reported this earlier today.,Hostel C Staircase,high
2278,structural,wooden study desk drawer sticks when opening. Noticeable smell and noise.,Hostel E Room 501,low
2231,structural,floor tile in corner of room has slight chip on corner. Very concerning situation.,Hostel E Room 501,low
2749,sanitation,Burst main septic chamber overflowing across hostel perimeter. affecting multiple students.,Hostel E Room 501,high
1760,network,access point blinking red light and rejecting all authentication attempts,Hostel C Room 305,medium
2546,sanitation,housekeeping missed morning sweeping in wing C corridor,Hostel D Cafeteria,low
1796,network,"wifi access point on 2nd floor completely dead, no SSID broadcasting",Hostel B Corridor 3rd Floor,medium
2713,sanitation,fecal matter and sewage overflow flooding hallway and entering student living areas,Gymnasium Locker Room,high
3154,other,lost water bottle left behind in common room lounge. Happening since last night.,Hostel D Cafeteria,low
1200,electrical,two sockets in room 214 have completely stopped providing power,Hostel E Room 501,medium
2336,structural,"balcony safety railing is loose and wobbles when pushed, dangerous for students",Hostel A Floor 2 Washroom,medium
3135,other,whiteboard marker dried out in discussion room,Hostel C Basement Study Room,low
1624,network,intermittent ping spikes while playing online educational tutorials. Reported this earlier today.,Hostel B Main Electrical Room,low
1077,electrical,fluorescent tube in bathroom takes a few seconds to light up. Affecting multiple students.,Hostel B Main Electrical Room,low
1093,electrical,minor flicker in hallway lighting during evening hours,Hostel D Cafeteria,low
1287,electrical,severe electrical burn smell and active sparks from air conditioner unit. Needs urgent inspection.,Hostel C Room 305,high
1239,electrical,live wire snapped and touching metallic railing on staircase,Library 2nd Floor Reading Hall,high
2436,structural,"large section of concrete ceiling collapsed into room 214, debris on bed. Kindly update ticket status once inspected.",Hostel D Terrace Access,high
2602,sanitation,stagnant water pool near water purifier breeding mosquitoes,Hostel A Ground Floor Lobby,medium
1951,fire_safety,Emergency exit sign light bulb on floor 1 appears dim. kindly update ticket status once inspected.,Hostel D Server Rack Room,low
1130,electrical,corridor lights went dark due to tripped MCB on floor 3. Very concerning situation.,Hostel A Room 102,medium
2548,sanitation,dust accumulated on common room window ledges. Happening since last night.,Hostel C Wing West Common Area,low
1672,network,wifi speed is slower than usual in the corner of room 214. Very concerning situation.,Hostel A Room 102,low
1052,electrical,minor flicker in hallway lighting during evening hours,Hostel D Cafeteria,low
1966,fire_safety,Dust accumulated on corridor smoke sensor casing,Gymnasium Locker Room,low
2253,structural,Window latch in room 204 is stiff and needs oiling,Hostel A Room 102,low
2655,sanitation,sewage smell rising from multiple bathroom drains on 2nd floor. Affecting multiple students.,Hostel D Terrace Access,medium
1761,network,DHCP server not assigning IP addresses to students on hostel network,Hostel D Terrace Access,medium
2248,structural,floor tile in corner of room has slight chip on corner,Hostel D Room 412,low
3124,other,lost student ID card found in library and placed at reception,Main Auditorium Hall B,low
1755,network,hostel router rebooting constantly every 10 minutes disrupting classes,Hostel A Dining Hall,medium
3046,security,"active break-in in progress, unauthorized person forcing doors on 3rd floor",Hostel C Room 305,high
1254,electrical,"exposed live wire hanging near wet washroom entrance, serious shock hazard",Hostel C Room 305,high
2999,security,security CCTV camera on 2nd floor corridor is offline with black screen,Main Auditorium Hall B,medium
2413,structural,"Staircase railing completely detached and fallen, open drop from 4th floor",Library 2nd Floor Reading Hall,high
2305,structural,large chunks of plaster fell from ceiling onto study table while room was empty,Hostel D Cafeteria,medium
1809,network,"catastrophic network outage across entire institution, security systems offline",Hostel C Wing West Common Area,high
2560,sanitation,dustbin in common corridor is full and needs daily emptying. Happening since last night.,Hostel C Room 305,low
2130,fire_safety,"thick black smoke filling hostel 3rd floor corridor, alarms blaring, evacuation needed. Noticeable smell and noise.",Hostel C Basement Study Room,high
1814,network,"ransomware or malicious attack suspected, all gateway routers failing simultaneously. Very concerning situation.",Hostel D Server Rack Room,high
2454,structural,"retaining wall behind hostel collapsed following heavy rainfall, soil entering. Happening since last night.",Hostel C Wing West Common Area,high
1289,electrical,main circuit breaker exploded with loud bang and continuous sparks. Noticeable smell and noise.,Main Auditorium Hall B,high
1155,electrical,fan regulator is overheating and burning odor coming from switchboard,Hostel C Wing West Common Area,medium
3374,other,"deadly venomous snake sighted inside student room under bed, urgent wildlife rescue. Please resolve this quickly.",Hostel E Water Tank Area,high
2962,security,perimeter fence wire cut behind hostel sports ground. Kindly update ticket status once inspected.,Main Auditorium Hall B,medium
3102,other,notice board glass in lobby has finger smudges,Hostel C Basement Study Room,low
2137,fire_safety,major electrical fire spreading along cable tray across residential floor,Central Canteen Kitchen Area,high
3251,other,broken glass bottles scattered across basketball court walkway. Needs urgent inspection.,Hostel D Terrace Access,medium
1527,plumbing,massive water flood on 3rd floor reaching electrical sockets and elevators,Hostel D Server Rack Room,high
1337,plumbing,slow drip from flush tank valve into the commode,Hostel D Cafeteria,low
2739,sanitation,"Toxic sewer gas backup filling residential wing, multiple students feeling nauseous",Hostel C Room 305,high
2028,fire_safety,strong burning paper or wood smell in courtyard with smoke source unknown,Hostel A Room 102,medium
2196,fire_safety,"strong gas leak detected near mess kitchen cylinder bank, hissing sound and heavy smell",Hostel B Corridor 3rd Floor,high
1750,network,ethernet wall jacks across 5 rooms on floor 3 not receiving link light,Main Auditorium Hall B,medium
2692,sanitation,severe rodent problem in ground floor storage room chewing cables. Students are worried about safety.,Hostel A Dining Hall,medium
1271,electrical,live wire snapped and touching metallic railing on staircase,Hostel F Room 118,high
1412,plumbing,toilet flush mechanism broken and overflowing into drainage pan,Hostel E Water Tank Area,medium
1360,plumbing,washbasin drain is draining slowly after brushing teeth. Kindly update ticket status once inspected.,Hostel B Main Electrical Room,low
2292,structural,minor paint peeling on bathroom ceiling due to steam. Happening since last night.,Academic Block 1 Room 101,low
2704,sanitation,fecal matter and sewage overflow flooding hallway and entering student living areas,Hostel D Room 412,high
2159,fire_safety,emergency fire exit completely blocked while fire is spreading in staircase. Please send someone to check as soon as possible.,Academic Block 1 Room 101,high
1185,electrical,corridor lights went dark due to tripped MCB on floor 3,Hostel C Wing West Common Area,medium
1270,electrical,heavy smoke and crackling sparks coming from distribution panel in wing B,Hostel B Main Electrical Room,high
1748,network,access point blinking red light and rejecting all authentication attempts. Happening since last night.,Hostel D Terrace Access,medium
1069,electrical,minor flicker in hallway lighting during evening hours,Main Auditorium Hall B,low
2481,structural,"staircase railing completely detached and fallen, open drop from 4th floor",Hostel C Staircase,high
1633,network,guest wifi login portal page takes long time to load. Happening since last night.,Gymnasium Locker Room,low
1081,electrical,study lamp switch is a bit loose and sometimes requires multiple clicks to turn on,Hostel D Room 412,low
1199,electrical,sparking sound heard when inserting 3-pin laptop adapter into wall socket,Central Canteen Kitchen Area,medium
3140,other,lost water bottle left behind in common room lounge. Please send someone to check as soon as possible.,Hostel C Staircase,low
1514,plumbing,"uncontrolled high pressure water gushing from main riser pipe, rooms submerged",Main Auditorium Hall B,high
3355,other,"student medical emergency: unconscious student having seizure in room 305, ambulance needed. Happening since last night.",Hostel D Cafeteria,high
2974,security,security CCTV camera on 2nd floor corridor is offline with black screen. Happening since last night.,Hostel C Staircase,medium
1722,network,"core floor switch unresponsive, student exams affected",Hostel E Water Tank Area,medium
1472,plumbing,"water pipe under sink leaking steady stream, water pooling on floor",Hostel E Room 501,medium
1587,plumbing,"main supply line cracked wide open, stairs transformed into water cascade. Kindly update ticket status once inspected.",Hostel D Terrace Access,high
2018,fire_safety,fire hose pipe nozzle cracked and leaking during weekly pressure test. Noticeable smell and noise.,Library 2nd Floor Reading Hall,medium
1101,electrical,two sockets in room 214 have completely stopped providing power,Hostel C Wing West Common Area,medium
1017,electrical,exhaust fan switch in bathroom is stiff and makes a slight click sound. Noticeable smell and noise.,Hostel B Balcony,low
2796,sanitation,"dead animal decomposing in central water supply storage tank, water contaminated",Hostel C Wing West Common Area,high
1811,network,"Catastrophic network outage across entire institution, security systems offline. very concerning situation.",Hostel A Floor 2 Washroom,high
1045,electrical,ceiling tube light flickers intermittently when switched on in the evening. Reported this earlier today.,Hostel C Basement Study Room,low
1605,network,wifi signal drops to 2 bars near balcony area,Central Canteen Kitchen Area,low
2933,security,unauthorized trespasser seen wandering hostel corridors without visitor badge,Hostel A Dining Hall,medium
1736,network,ethernet wall jacks across 5 rooms on floor 3 not receiving link light. Please resolve this quickly.,Hostel A Ground Floor Lobby,medium
1782,network,"core floor switch unresponsive, student exams affected",Hostel A Ground Floor Lobby,medium
1486,plumbing,drain pipe clogged and water backing up into bathroom stall,Hostel C Wing West Common Area,medium
2897,security,visitor sign-in book at security desk is full and needs replacement. Kindly update ticket status once inspected.,Academic Block 1 Room 101,low
1990,fire_safety,dust accumulated on corridor smoke sensor casing,Library 2nd Floor Reading Hall,low
3352,other,Gas cylinder valve leaking rapidly with loud hissing in cafeteria kitchen. kindly update ticket status once inspected.,Hostel A Ground Floor Lobby,high
2877,security,room door key is slightly sticky in the lock cylinder,Main Auditorium Hall B,low
1619,network,guest wifi login portal page takes long time to load,Hostel D Room 412,low
2235,structural,minor paint peeling on bathroom ceiling due to steam. Needs urgent inspection.,Hostel E Room 501,low
2377,structural,"balcony safety railing is loose and wobbles when pushed, dangerous for students",Academic Block 1 Room 101,medium
1869,network,"main fiber backbone disconnected, total campus disconnection from internet",Hostel C Staircase,high
1613,network,speed test shows 5 Mbps instead of usual 50 Mbps in our room. Reported this earlier today.,Hostel D Terrace Access,low
2983,security,electronic biometric access door stuck in open position allowing anyone entry,Hostel A Room 102,medium
2904,security,"theft reported from unattended room on floor 3, laptop and wallet stolen",Hostel A Dining Hall,medium
3364,other,severe chemical spill in corridor causing eye irritation and breathing distress. Affecting multiple students.,Hostel E Room 501,high
1324,plumbing,water tap in washroom leaks a few drops every minute. Please resolve this quickly.,Hostel C Basement Study Room,low
2120,fire_safety,"active building fire with heavy smoke, emergency evacuation underway",Central Canteen Kitchen Area,high
2316,structural,false ceiling panel sagging downward in common study room,Hostel D Server Rack Room,medium
2686,sanitation,waste disposal bin broken and spilling contaminated waste into corridor,Hostel E Water Tank Area,medium
1020,electrical,"study table socket cover plate is loose, need maintenance check. Students are worried about safety.",Hostel D Cafeteria,low
3066,security,critical security breach: master key stolen and unauthorized access to student rooms. Please send someone to check as soon as possible.,Central Canteen Kitchen Area,high
3036,security,"shots or explosive sounds heard near perimeter fence, lockdown initiated. Please resolve this quickly.",Hostel C Basement Study Room,high
1521,plumbing,"strong LPG gas smell accompanied by water leakage in mess kitchen area, immediate danger",Hostel F Room 118,high
1945,fire_safety,hose reel cabinet door latch is stiff to open,Hostel C Wing West Common Area,low
1476,plumbing,toilet flush mechanism broken and overflowing into drainage pan. Very concerning situation.,Hostel D Cafeteria,medium
1294,electrical,"exposed live wire hanging near wet washroom entrance, serious shock hazard",Hostel E Water Tank Area,high
2020,fire_safety,Emergency exit door jammed shut and cannot be pushed open from inside,Hostel D Server Rack Room,medium
1494,plumbing,drain pipe clogged and water backing up into bathroom stall. Kindly update ticket status once inspected.,Hostel A Ground Floor Lobby,medium
3033,security,"hostel main entry doors breached, intruder threatening occupants. Students are worried about safety.",Central Canteen Kitchen Area,high
1162,electrical,"exhaust fan in floor bathroom stopped working completely, burning smell noticed initially. Please resolve this quickly.",Hostel D Terrace Access,medium
3285,other,stray dog entered hostel corridor and growling at students passing by,Hostel B Main Electrical Room,medium
1349,plumbing,mild condensation on cold water pipe beneath the washbasin,Hostel E Room 501,low
1369,plumbing,slow drip from flush tank valve into the commode,Hostel B Corridor 3rd Floor,low
2632,sanitation,stagnant water pool near water purifier breeding mosquitoes. Kindly update ticket status once inspected.,Hostel F Room 118,medium
2347,structural,false ceiling panel sagging downward in common study room. Very concerning situation.,Hostel A Floor 2 Washroom,medium
3230,other,student trapped inside study room due to jammed door knob. Reported this earlier today.,Hostel D Cafeteria,medium
1501,plumbing,flooding in basement electrical substation from burst storm drain pipe. Please resolve this quickly.,Hostel D Cafeteria,high
1299,electrical,severe electrical burn smell and active sparks from air conditioner unit. Happening since last night.,Hostel C Basement Study Room,high
1883,network,network core failure disabling campus biometric security gates and CCTV stream,Hostel C Wing West Common Area,high
1768,network,no internet connection in entire block B while other blocks are fine,Hostel C Staircase,medium
3049,security,kidnapping or severe security threat reported on campus grounds. Happening since last night.,Library 2nd Floor Reading Hall,high
1601,network,DNS lookup seems slightly delayed on hostel subnet. Very concerning situation.,Hostel A Floor 2 Washroom,low
1115,electrical,corridor lights went dark due to tripped MCB on floor 3,Hostel D Cafeteria,medium
1665,network,guest wifi login portal page takes long time to load,Hostel E Water Tank Area,low
2874,security,security mirror at staircase corner is slightly tilted. Students are worried about safety.,Hostel B Main Electrical Room,low
2312,structural,"Balcony safety railing is loose and wobbles when pushed, dangerous for students. kindly update ticket status once inspected.",Hostel A Ground Floor Lobby,medium
1614,network,wifi speed is slower than usual in the corner of room 214. Affecting multiple students.,Hostel D Terrace Access,low
1341,plumbing,mild condensation on cold water pipe beneath the washbasin,Hostel B Main Electrical Room,low
1909,fire_safety,dust accumulated on corridor smoke sensor casing,Hostel C Basement Study Room,low
2239,structural,Floor tile in corner of room has slight chip on corner. noticeable smell and noise.,Hostel C Room 305,low
1202,electrical,"sparks and black smoke coming from main switchboard in corridor, urgent. Affecting multiple students.",Hostel A Room 102,high
1889,network,primary fiber optic uplink cable severed during construction outside hostel,Hostel B Main Electrical Room,high
1186,electrical,fan regulator is overheating and burning odor coming from switchboard,Hostel A Dining Hall,medium
2504,sanitation,dust accumulated on common room window ledges,Hostel D Server Rack Room,low
1589,plumbing,flooding in basement electrical substation from burst storm drain pipe,Academic Block 1 Room 101,high
2791,sanitation,hazardous medical or chemical waste dumped illegally behind residential block. Happening since last night.,Hostel C Wing West Common Area,high
2687,sanitation,cockroach and pest infestation noticed in pantry cabinets and floor washroom,Academic Block 1 Room 101,medium
1074,electrical,ceiling tube light flickers intermittently when switched on in the evening. Kindly update ticket status once inspected.,Hostel A Room 102,low
2109,fire_safety,fire sprinkler pipe ruptured but no water flowing while flames grow in lounge,Hostel D Cafeteria,high
2870,security,room door key is slightly sticky in the lock cylinder. Students are worried about safety.,Hostel A Floor 2 Washroom,low
1649,network,intermittent ping spikes while playing online educational tutorials,Hostel B Balcony,low
1779,network,DHCP server not assigning IP addresses to students on hostel network,Hostel D Cafeteria,medium
3281,other,Elevator getting stuck between floors 2 and 3 intermittently,Hostel C Room 305,medium
3012,security,"armed intruder or violent trespasser reported inside hostel block, lockdown needed",Hostel C Room 305,high
2383,structural,sunshade slab outside 2nd floor window showing visible cracks and sag,Hostel B Corridor 3rd Floor,medium
3266,other,"refrigerator in common kitchen not cooling, student food spoiling. Kindly update ticket status once inspected.",Hostel A Floor 2 Washroom,medium
1694,network,wifi speed is slower than usual in the corner of room 214,Gymnasium Locker Room,low
3112,other,bookshelf in common area needs reorganizing,Hostel D Cafeteria,low
3302,other,"passenger elevator cable snapped and safety brake engaged, 4 students trapped inside in darkness. Needs urgent inspection.",Hostel E Water Tank Area,high
3111,other,clock in study room is running 15 minutes slow,Hostel C Staircase,low
1317,plumbing,water tap in washroom leaks a few drops every minute. Happening since last night.,Hostel E Room 501,low
1840,network,"Ransomware or malicious attack suspected, all gateway routers failing simultaneously",Library 2nd Floor Reading Hall,high
1296,electrical,heavy smoke and crackling sparks coming from distribution panel in wing B,Gymnasium Locker Room,high
1032,electrical,light switch in corridor is stiff to press,Hostel B Corridor 3rd Floor,low
2288,structural,small chip in stair tread edge on ground floor landing. Noticeable smell and noise.,Hostel A Dining Hall,low
2078,fire_safety,fire alarm panel beeping continuously with yellow fault warning light. Affecting multiple students.,Hostel A Floor 2 Washroom,medium
1205,electrical,"exposed live wire hanging near wet washroom entrance, serious shock hazard",Hostel F Room 118,high
1902,fire_safety,plastic cover on emergency break-glass box is cracked. Reported this earlier today.,Hostel D Room 412,low
2507,sanitation,housekeeping missed morning sweeping in wing C corridor,Hostel D Room 412,low
1680,network,guest wifi login portal page takes long time to load,Library 2nd Floor Reading Hall,low
2209,structural,window latch in room 204 is stiff and needs oiling,Hostel C Wing West Common Area,low
3087,security,"Violent altercation with weapons reported in common room, students in danger. affecting multiple students.",Hostel A Dining Hall,high
2490,structural,"Retaining wall behind hostel collapsed following heavy rainfall, soil entering",Hostel B Room 214,high
2342,structural,"balcony safety railing is loose and wobbles when pushed, dangerous for students. Affecting multiple students.",Hostel C Room 305,medium
2346,structural,Heavy water seepage causing wall to bulge and paint to peel severely,Hostel E Room 501,medium
1312,plumbing,water tap in washroom leaks a few drops every minute,Gymnasium Locker Room,low
1791,network,"Wifi access point on 2nd floor completely dead, no ssid broadcasting",Hostel C Staircase,medium
1781,network,hostel router rebooting constantly every 10 minutes disrupting classes. Needs urgent inspection.,Hostel F Room 118,medium
3261,other,stray dog entered hostel corridor and growling at students passing by. Very concerning situation.,Hostel C Wing West Common Area,medium
1652,network,Dns lookup seems slightly delayed on hostel subnet. kindly update ticket status once inspected.,Library 2nd Floor Reading Hall,low
1090,electrical,"wall plug in room works but looks slightly worn out, please inspect when free. Affecting multiple students.",Gymnasium Locker Room,low
1842,network,"all core routers offline, mission critical services and monitoring halted",Academic Block 1 Room 101,high
2519,sanitation,Dust accumulated on common room window ledges. kindly update ticket status once inspected.,Hostel C Basement Study Room,low
2782,sanitation,"main sewage line ruptured inside hostel corridor, raw sewage flooding rooms",Hostel C Room 305,high
2172,fire_safety,fire sprinkler pipe ruptured but no water flowing while flames grow in lounge,Hostel E Room 501,high
3157,other,lost jacket hanging on corridor coat rack. Please resolve this quickly.,Hostel E Water Tank Area,low
3202,other,loud screeching noise from ventilation shaft disrupting sleep. Affecting multiple students.,Hostel A Room 102,medium
2906,security,night security guard post abandoned during late shift hours,Hostel F Room 118,medium
2867,security,Intercom phone to main guard gate has slight static noise,Hostel E Water Tank Area,low
1773,network,access point blinking red light and rejecting all authentication attempts,Hostel D Terrace Access,medium
2113,fire_safety,"active fire detected in 2nd floor pantry, flames spreading to wooden cabinets",Hostel D Room 412,high
2431,structural,corridor floor slab sagging and separating from main wall joint,Hostel E Water Tank Area,high
1681,network,ethernet port in room has a loose latch but connection works. Needs urgent inspection.,Hostel C Room 305,low
1707,network,Ethernet wall jacks across 5 rooms on floor 3 not receiving link light. please send someone to check as soon as possible.,Hostel B Balcony,medium
3108,other,clock in study room is running 15 minutes slow. Needs urgent inspection.,Hostel B Room 214,low
2104,fire_safety,major electrical fire spreading along cable tray across residential floor. Noticeable smell and noise.,Hostel C Wing West Common Area,high
3396,other,gas cylinder valve leaking rapidly with loud hissing in cafeteria kitchen,Hostel D Server Rack Room,high
1305,plumbing,slow drip from flush tank valve into the commode. Students are worried about safety.,Hostel E Water Tank Area,low
3332,other,severe allergic reaction / anaphylaxis emergency in dining hall,Hostel D Terrace Access,high
2909,security,Night security guard post abandoned during late shift hours,Central Canteen Kitchen Area,medium
3026,security,"active break-in in progress, unauthorized person forcing doors on 3rd floor. Reported this earlier today.",Hostel B Room 214,high
2754,sanitation,"dead animal decomposing in central water supply storage tank, water contaminated. Affecting multiple students.",Hostel B Room 214,high
2418,structural,corridor floor slab sagging and separating from main wall joint,Central Canteen Kitchen Area,high
2744,sanitation,severe contamination of drinking water system with sewage infiltration. Needs urgent inspection.,Academic Block 1 Room 101,high
1548,plumbing,burst main water pipe flooding corridor and seeping into student rooms,Academic Block 1 Room 101,high
2040,fire_safety,fire exit route obstructed by heavy storage boxes. Happening since last night.,Hostel A Ground Floor Lobby,medium
1697,network,periodic minor disconnects during late night hours,Hostel C Room 305,low
2776,sanitation,"uncontrolled pest and pathogen outbreak in dining hall kitchen, critical health risk",Hostel A Ground Floor Lobby,high
2570,sanitation,Dust accumulated on common room window ledges. kindly update ticket status once inspected.,Hostel B Main Electrical Room,low
3009,security,kidnapping or severe security threat reported on campus grounds. Happening since last night.,Central Canteen Kitchen Area,high
1280,electrical,"sparks and black smoke coming from main switchboard in corridor, urgent",Hostel E Room 501,high
2041,fire_safety,Emergency exit door jammed shut and cannot be pushed open from inside,Hostel F Room 118,medium
2228,structural,small chip in stair tread edge on ground floor landing,Main Auditorium Hall B,low
1391,plumbing,washbasin drain is draining slowly after brushing teeth. Happening since last night.,Hostel E Water Tank Area,low
1786,network,"core floor switch unresponsive, student exams affected. Needs urgent inspection.",Gymnasium Locker Room,medium
1297,electrical,"sparks and black smoke coming from main switchboard in corridor, urgent",Hostel D Terrace Access,high
2804,security,door peephole on room door is scratched and foggy. Please send someone to check as soon as possible.,Library 2nd Floor Reading Hall,low
1936,fire_safety,emergency exit sign light bulb on floor 1 appears dim,Hostel B Room 214,low
2590,sanitation,mirror in bathroom has water stains and needs wiping,Hostel C Basement Study Room,low
1968,fire_safety,fire extinguisher inspection tag in hallway expired last month. Please resolve this quickly.,Hostel E Room 501,low
1989,fire_safety,routine inspection needed for fire extinguisher pressure gauge in lobby,Hostel A Dining Hall,low
1851,network,campus-wide network and core firewall crash during online placement exams. Students are worried about safety.,Hostel B Balcony,high
1560,plumbing,sewage pipe burst with toxic foul water overflowing across hostel hallway. Noticeable smell and noise.,Hostel B Main Electrical Room,high
2043,fire_safety,smoke detector in corridor sounding false alarms intermittently. Please send someone to check as soon as possible.,Library 2nd Floor Reading Hall,medium
1598,plumbing,sewage pipe burst with toxic foul water overflowing across hostel hallway. Very concerning situation.,Hostel B Corridor 3rd Floor,high
2324,structural,bathroom door frame rotten at base and detaching from wall,Hostel D Terrace Access,medium
1316,plumbing,faucet in 3rd floor bathroom needs washer replacement due to slight leak,Hostel D Cafeteria,low
3166,other,bookshelf in common area needs reorganizing,Hostel F Room 118,low
2750,sanitation,"main sewage line ruptured inside hostel corridor, raw sewage flooding rooms",Hostel C Staircase,high
3144,other,whiteboard marker dried out in discussion room. Very concerning situation.,Hostel A Floor 2 Washroom,low
3092,security,kidnapping or severe security threat reported on campus grounds,Hostel A Dining Hall,high
2550,sanitation,"Minor bad odor from washroom floor drain, needs disinfectant. happening since last night.",Hostel C Staircase,low
1836,network,primary fiber optic uplink cable severed during construction outside hostel,Hostel D Cafeteria,high
2132,fire_safety,"smoke alarm activated, smoke pouring out from closed room 412, occupants trapped",Hostel A Room 102,high
2500,structural,"staircase railing completely detached and fallen, open drop from 4th floor. Reported this earlier today.",Hostel A Room 102,high
2129,fire_safety,"thick black smoke filling hostel 3rd floor corridor, alarms blaring, evacuation needed",Hostel C Basement Study Room,high
3096,security,"student assaulted in hostel staircase, immediate security and medical dispatch required",Hostel A Room 102,high
1325,plumbing,shower head has slightly low water pressure in room washroom,Gymnasium Locker Room,low
1491,plumbing,foul smelling dirty water coming out from tap in hostel wing,Hostel B Main Electrical Room,medium
2247,structural,floor tile in corner of room has slight chip on corner. Noticeable smell and noise.,Hostel A Room 102,low
2291,structural,window latch in room 204 is stiff and needs oiling,Hostel C Room 305,low
2736,sanitation,severe contamination of drinking water system with sewage infiltration. Needs urgent inspection.,Hostel D Room 412,high
2833,security,id card scanner at turnstile takes 2 attempts to read card,Hostel F Room 118,low
2799,sanitation,"main sewage line ruptured inside hostel corridor, raw sewage flooding rooms. Reported this earlier today.",Hostel D Cafeteria,high
1898,network,"Ransomware or malicious attack suspected, all gateway routers failing simultaneously",Central Canteen Kitchen Area,high
1590,plumbing,ceiling collapsing due to heavy water accumulation from overhead pipe rupture. Reported this earlier today.,Library 2nd Floor Reading Hall,high
1269,electrical,Live wire snapped and touching metallic railing on staircase,Hostel B Main Electrical Room,high
2125,fire_safety,emergency fire exit completely blocked while fire is spreading in staircase,Hostel C Room 305,high
3038,security,"hostel main entry doors breached, intruder threatening occupants",Main Auditorium Hall B,high
1417,plumbing,Toilet flush mechanism broken and overflowing into drainage pan,Hostel E Room 501,medium
2812,security,corridor security camera dome cover is dusty,Hostel A Ground Floor Lobby,low
2363,structural,deep diagonal crack appearing along corridor wall growing over last 2 weeks,Hostel E Water Tank Area,medium
2923,security,emergency security phone box on campus pathway broken and unresponsive. Please resolve this quickly.,Central Canteen Kitchen Area,medium
2021,fire_safety,Strong burning paper or wood smell in courtyard with smoke source unknown,Hostel B Balcony,medium
2276,structural,floor tile in corner of room has slight chip on corner. Happening since last night.,Hostel C Staircase,low
1741,network,DHCP server not assigning IP addresses to students on hostel network. Reported this earlier today.,Hostel C Room 305,medium
2062,fire_safety,hydrant valve leaking water into the emergency staircase landing. Very concerning situation.,Academic Block 1 Room 101,medium
1385,plumbing,sink drain strainer missing causing slow water flow,Hostel F Room 118,low
3063,security,"armed intruder or violent trespasser reported inside hostel block, lockdown needed",Library 2nd Floor Reading Hall,high
1847,network,network core failure disabling campus biometric security gates and CCTV stream. Kindly update ticket status once inspected.,Hostel C Room 305,high
1947,fire_safety,plastic cover on emergency break-glass box is cracked. Affecting multiple students.,Hostel A Dining Hall,low
2773,sanitation,"main sewage line ruptured inside hostel corridor, raw sewage flooding rooms",Hostel D Room 412,high
3260,other,loud screeching noise from ventilation shaft disrupting sleep. Please resolve this quickly.,Hostel D Server Rack Room,medium
2054,fire_safety,fire alarm panel beeping continuously with yellow fault warning light,Hostel F Room 118,medium
1828,network,"Catastrophic network outage across entire institution, security systems offline. noticeable smell and noise.",Hostel E Water Tank Area,high
3252,other,student trapped inside study room due to jammed door knob,Gymnasium Locker Room,medium
1663,network,ethernet port in room has a loose latch but connection works. Kindly update ticket status once inspected.,Hostel B Main Electrical Room,low
2697,sanitation,waste disposal bin broken and spilling contaminated waste into corridor,Hostel A Floor 2 Washroom,medium
3145,other,campus bus schedule poster is outdated and needs update. Very concerning situation.,Hostel E Room 501,low
3082,security,Hostel perimeter gate breached by hostile mob or unauthorized group,Hostel A Floor 2 Washroom,high
2705,sanitation,fecal matter and sewage overflow flooding hallway and entering student living areas. Noticeable smell and noise.,Hostel A Ground Floor Lobby,high
1076,electrical,desk light bulb has gone dim over the last few days,Hostel B Balcony,low
3398,other,severe allergic reaction / anaphylaxis emergency in dining hall,Hostel D Server Rack Room,high
2473,structural,"entire balcony slab vibrating and tilting downward, imminent collapse risk",Hostel C Staircase,high
2419,structural,building foundation wall cracked with noticeable tilt in hostel wing B,Hostel E Room 501,high
2015,fire_safety,Fire extinguisher missing from its designated wall bracket on floor 3. very concerning situation.,Hostel B Main Electrical Room,medium
3314,other,"student medical emergency: unconscious student having seizure in room 305, ambulance needed",Academic Block 1 Room 101,high
1676,network,printer on floor network is occasionally unreachable. Students are worried about safety.,Hostel C Room 305,low
1330,plumbing,slow drip from flush tank valve into the commode,Hostel D Room 412,low
1215,electrical,"exposed live wire hanging near wet washroom entrance, serious shock hazard",Hostel A Room 102,high
1658,network,Wifi speed is slower than usual in the corner of room 214,Academic Block 1 Room 101,low
1683,network,DNS lookup seems slightly delayed on hostel subnet. Please send someone to check as soon as possible.,Hostel D Terrace Access,low
2860,security,door peephole on room door is scratched and foggy. Happening since last night.,Hostel D Room 412,low
1713,network,"entire wing unable to connect to campus wifi, obtaining IP address error",Hostel C Staircase,medium
2423,structural,major structural pillar in basement shows wide cracks and exposed rebar buckling. Very concerning situation.,Hostel D Room 412,high
1187,electrical,wire casing near the switchboard appears loose and cracked,Hostel A Dining Hall,medium
2660,sanitation,cockroach and pest infestation noticed in pantry cabinets and floor washroom. Happening since last night.,Central Canteen Kitchen Area,medium
2301,structural,false ceiling panel sagging downward in common study room. Happening since last night.,Hostel C Room 305,medium
2599,sanitation,housekeeping missed morning sweeping in wing C corridor,Hostel D Terrace Access,low
2199,fire_safety,"Active fire detected in 2nd floor pantry, flames spreading to wooden cabinets",Hostel B Room 214,high
1372,plumbing,slow drip from flush tank valve into the commode,Hostel C Wing West Common Area,low
2700,sanitation,blocked urinal overflowing dirty water onto restroom floor,Gymnasium Locker Room,medium
2903,security,ground floor window security grill loose and screws removed. Kindly update ticket status once inspected.,Hostel D Terrace Access,medium
2685,sanitation,garbage pile uncollected for 4 days outside hostel block attracting flies,Hostel A Ground Floor Lobby,medium
2063,fire_safety,emergency exit staircase blocked by discarded furniture and old mattresses,Hostel D Cafeteria,medium
2695,sanitation,sewage smell rising from multiple bathroom drains on 2nd floor. Happening since last night.,Hostel A Dining Hall,medium
1359,plumbing,faucet aerator in pantry has slight leak around the joint,Main Auditorium Hall B,low
3359,other,severe chemical spill in corridor causing eye irritation and breathing distress,Academic Block 1 Room 101,high
2973,security,security CCTV camera on 2nd floor corridor is offline with black screen,Hostel C Basement Study Room,medium
1552,plumbing,burst main water pipe flooding corridor and seeping into student rooms. Please send someone to check as soon as possible.,Hostel A Room 102,high
1043,electrical,power outlet feels a little loose when plugging in laptop charger,Library 2nd Floor Reading Hall,low
3278,other,"refrigerator in common kitchen not cooling, student food spoiling. Affecting multiple students.",Main Auditorium Hall B,medium
2863,security,gate latch on secondary perimeter fence is loose. Happening since last night.,Hostel D Terrace Access,low
1469,plumbing,toilet flush mechanism broken and overflowing into drainage pan. Happening since last night.,Hostel E Room 501,medium
3350,other,Severe chemical spill in corridor causing eye irritation and breathing distress,Hostel B Room 214,high
2653,sanitation,Black mold spreading rapidly along damp bathroom walls and ceiling,Hostel D Server Rack Room,medium
1513,plumbing,Severe structural flooding threatening server room on ground floor. please send someone to check as soon as possible.,Hostel B Main Electrical Room,high
2237,structural,balcony door handle is slightly loose when turning,Hostel B Main Electrical Room,low
2845,security,security mirror at staircase corner is slightly tilted,Central Canteen Kitchen Area,low
1885,network,"complete blackout of all communication channels, internet and VoIP down campus-wide",Hostel A Room 102,high
1082,electrical,"study table socket cover plate is loose, need maintenance check",Central Canteen Kitchen Area,low
2225,structural,wooden study desk drawer sticks when opening,Gymnasium Locker Room,low
1165,electrical,two sockets in room 214 have completely stopped providing power,Hostel E Room 501,medium
1897,network,campus-wide network and core firewall crash during online placement exams,Gymnasium Locker Room,high
2012,fire_safety,fire exit route obstructed by heavy storage boxes,Hostel D Cafeteria,medium
3328,other,Major structural ceiling collapse and fire emergency in main hall. happening since last night.,Hostel C Staircase,high
2025,fire_safety,fire extinguisher missing from its designated wall bracket on floor 3,Hostel F Room 118,medium
1558,plumbing,severe structural flooding threatening server room on ground floor. Needs urgent inspection.,Hostel A Room 102,high
2935,security,perimeter fence wire cut behind hostel sports ground,Hostel A Dining Hall,medium
2463,structural,"external facade wall collapse crushing walkway below, immediate evacuation required",Gymnasium Locker Room,high
1960,fire_safety,fire extinguisher inspection tag in hallway expired last month. Students are worried about safety.,Hostel A Dining Hall,low
1255,electrical,heavy smoke and crackling sparks coming from distribution panel in wing B. Needs urgent inspection.,Hostel E Room 501,high
3326,other,severe chemical spill in corridor causing eye irritation and breathing distress. Happening since last night.,Hostel F Room 118,high
1592,plumbing,burst main water pipe flooding corridor and seeping into student rooms. Very concerning situation.,Central Canteen Kitchen Area,high
2920,security,night security guard post abandoned during late shift hours,Hostel F Room 118,medium
2219,structural,balcony door handle is slightly loose when turning,Hostel A Room 102,low
1630,network,wifi speed is slower than usual in the corner of room 214. Please send someone to check as soon as possible.,Hostel A Ground Floor Lobby,low
1340,plumbing,shower head has slightly low water pressure in room washroom,Hostel E Water Tank Area,low
3389,other,severe allergic reaction / anaphylaxis emergency in dining hall,Gymnasium Locker Room,high
1147,electrical,"exhaust fan in floor bathroom stopped working completely, burning smell noticed initially. Needs urgent inspection.",Hostel A Ground Floor Lobby,medium
1292,electrical,"sparks and black smoke coming from main switchboard in corridor, urgent",Hostel D Terrace Access,high
1545,plumbing,ceiling collapsing due to heavy water accumulation from overhead pipe rupture,Central Canteen Kitchen Area,high
2841,security,corridor security camera dome cover is dusty. Please resolve this quickly.,Hostel A Ground Floor Lobby,low
3125,other,Clock in study room is running 15 minutes slow,Main Auditorium Hall B,low
2879,security,door peephole on room door is scratched and foggy,Hostel E Room 501,low
3095,security,"active break-in in progress, unauthorized person forcing doors on 3rd floor. Reported this earlier today.",Hostel C Staircase,high
1236,electrical,live wire snapped and touching metallic railing on staircase. Affecting multiple students.,Academic Block 1 Room 101,high
2942,security,multiple room padlocks tampered with during semester break,Central Canteen Kitchen Area,medium
1406,plumbing,"no running water on entire 2nd floor since morning, tanks appear empty",Hostel A Dining Hall,medium
2898,security,corridor security camera dome cover is dusty. Very concerning situation.,Gymnasium Locker Room,low
2511,sanitation,cobwebs gathered in corner of ceiling in hallway. Noticeable smell and noise.,Hostel E Room 501,low
2281,structural,window latch in room 204 is stiff and needs oiling. Happening since last night.,Hostel A Floor 2 Washroom,low
2666,sanitation,sanitation duct overflowing with gray water into rear courtyard,Hostel D Terrace Access,medium
1479,plumbing,washroom drain blocked with accumulated debris causing ankle-deep puddle. Happening since last night.,Hostel D Cafeteria,medium
2408,structural,"Severe structural compromise, beam cracking loudly above dining hall. reported this earlier today.",Hostel A Floor 2 Washroom,high
1146,electrical,"exhaust fan in floor bathroom stopped working completely, burning smell noticed initially. Affecting multiple students.",Academic Block 1 Room 101,medium
3381,other,severe chemical spill in corridor causing eye irritation and breathing distress,Hostel C Room 305,high
3181,other,campus bus schedule poster is outdated and needs update. Kindly update ticket status once inspected.,Hostel D Room 412,low
1591,plumbing,Water entering room through light fixtures from flooded floor above,Hostel B Corridor 3rd Floor,high
1475,plumbing,toilet flush mechanism broken and overflowing into drainage pan,Hostel C Room 305,medium
1067,electrical,power outlet feels a little loose when plugging in laptop charger,Hostel B Corridor 3rd Floor,low
1597,plumbing,"strong LPG gas smell accompanied by water leakage in mess kitchen area, immediate danger. Please resolve this quickly.",Hostel B Balcony,high
1963,fire_safety,plastic cover on emergency break-glass box is cracked,Hostel D Room 412,low
2217,structural,minor paint peeling on bathroom ceiling due to steam,Hostel D Terrace Access,low
2412,structural,"external facade wall collapse crushing walkway below, immediate evacuation required",Hostel D Terrace Access,high
2499,structural,roof concrete slab cracking open with pieces falling into top floor rooms,Hostel A Floor 2 Washroom,high
3207,other,honeybee or wasp nest building up under 3rd floor window ledge,Hostel B Corridor 3rd Floor,medium
1006,electrical,desk light bulb has gone dim over the last few days. Kindly update ticket status once inspected.,Gymnasium Locker Room,low
1321,plumbing,sink drain strainer missing causing slow water flow. Needs urgent inspection.,Hostel A Dining Hall,low
1154,electrical,wire casing near the switchboard appears loose and cracked. Kindly update ticket status once inspected.,Hostel C Staircase,medium
2131,fire_safety,"Active fire detected in 2nd floor pantry, flames spreading to wooden cabinets",Hostel A Ground Floor Lobby,high
1356,plumbing,faucet aerator in pantry has slight leak around the joint,Hostel C Staircase,low
3136,other,lost student ID card found in library and placed at reception. Students are worried about safety.,Hostel B Main Electrical Room,low
1322,plumbing,water tap in washroom leaks a few drops every minute. Noticeable smell and noise.,Hostel C Room 305,low
1167,electrical,"frequent voltage fluctuations noticed across floor 2, appliances turning off",Hostel E Room 501,medium
2353,structural,main corridor entrance glass door cracked and rattling in high wind,Hostel A Floor 2 Washroom,medium
3306,other,"deadly venomous snake sighted inside student room under bed, urgent wildlife rescue. Happening since last night.",Hostel D Terrace Access,high
1433,plumbing,Foul smelling dirty water coming out from tap in hostel wing,Hostel A Floor 2 Washroom,medium
2282,structural,Minor paint peeling on bathroom ceiling due to steam,Gymnasium Locker Room,low
1426,plumbing,water supply completely cut off to floor 4 bathrooms for 6 hours,Hostel A Ground Floor Lobby,medium
1204,electrical,"exposed live wire hanging near wet washroom entrance, serious shock hazard",Hostel C Basement Study Room,high
2249,structural,small hairline crack on bedroom plaster near the window sill,Hostel A Floor 2 Washroom,low
1124,electrical,"exhaust fan in floor bathroom stopped working completely, burning smell noticed initially",Hostel A Room 102,medium
2272,structural,wardrobe door hinge is squeaking and slightly misaligned,Central Canteen Kitchen Area,low
2165,fire_safety,"thick black smoke filling hostel 3rd floor corridor, alarms blaring, evacuation needed",Hostel B Room 214,high
3298,other,loud screeching noise from ventilation shaft disrupting sleep. Needs urgent inspection.,Hostel B Corridor 3rd Floor,medium
1879,network,network core failure disabling campus biometric security gates and CCTV stream. Kindly update ticket status once inspected.,Hostel B Main Electrical Room,high
2206,structural,minor paint peeling on bathroom ceiling due to steam,Hostel A Dining Hall,low
1609,network,Printer on floor network is occasionally unreachable,Academic Block 1 Room 101,low
2822,security,security mirror at staircase corner is slightly tilted,Hostel D Terrace Access,low
1923,fire_safety,plastic cover on emergency break-glass box is cracked. Please send someone to check as soon as possible.,Hostel B Main Electrical Room,low
2758,sanitation,massive black toxic mold infestation causing breathing difficulties for entire wing,Hostel C Room 305,high
2071,fire_safety,fire alarm panel beeping continuously with yellow fault warning light. Needs urgent inspection.,Hostel A Dining Hall,medium
1463,plumbing,washroom drain blocked with accumulated debris causing ankle-deep puddle,Hostel D Room 412,medium
2267,structural,wooden study desk drawer sticks when opening,Main Auditorium Hall B,low
2572,sanitation,dustbin in common corridor is full and needs daily emptying. Happening since last night.,Main Auditorium Hall B,low
2978,security,multiple room padlocks tampered with during semester break. Please send someone to check as soon as possible.,Hostel D Room 412,medium
1853,network,server room network rack caught fire with melted switch cables,Hostel E Room 501,high
2143,fire_safety,"flames visible from waste disposal chute on ground floor, spreading fast",Hostel A Floor 2 Washroom,high
1243,electrical,"sparks and black smoke coming from main switchboard in corridor, urgent. Kindly update ticket status once inspected.",Hostel D Room 412,high
3039,security,"panic alarm triggered in residential wing, active intruder alert",Hostel B Balcony,high
1175,electrical,intermittent power cut in entire wing while other wings have electricity. Reported this earlier today.,Hostel E Water Tank Area,medium
2914,security,electronic biometric access door stuck in open position allowing anyone entry,Library 2nd Floor Reading Hall,medium
2153,fire_safety,"active building fire with heavy smoke, emergency evacuation underway. Please resolve this quickly.",Hostel F Room 118,high
1306,plumbing,washbasin drain is draining slowly after brushing teeth,Hostel C Staircase,low
1311,plumbing,mild condensation on cold water pipe beneath the washbasin,Hostel E Room 501,low
1110,electrical,sparking sound heard when inserting 3-pin laptop adapter into wall socket,Hostel D Terrace Access,medium
2406,structural,Roof concrete slab cracking open with pieces falling into top floor rooms,Gymnasium Locker Room,high
3160,other,lost water bottle left behind in common room lounge. Noticeable smell and noise.,Hostel D Room 412,low
2182,fire_safety,major electrical fire spreading along cable tray across residential floor,Gymnasium Locker Room,high
1152,electrical,fan regulator is overheating and burning odor coming from switchboard,Hostel C Staircase,medium
2008,fire_safety,fire extinguisher missing from its designated wall bracket on floor 3,Hostel C Wing West Common Area,medium
1821,network,"main fiber backbone disconnected, total campus disconnection from internet. Very concerning situation.",Hostel B Main Electrical Room,high
1134,electrical,"Exhaust fan in floor bathroom stopped working completely, burning smell noticed initially",Hostel A Ground Floor Lobby,medium
1234,electrical,"Smoke billowing from electrical duct on third floor, emergency isolation needed",Hostel D Cafeteria,high
1979,fire_safety,emergency evacuation map near lift lobby is faded. Needs urgent inspection.,Hostel D Terrace Access,low
1518,plumbing,"strong LPG gas smell accompanied by water leakage in mess kitchen area, immediate danger. Very concerning situation.",Hostel C Wing West Common Area,high
1106,electrical,intermittent power cut in entire wing while other wings have electricity. Very concerning situation.,Hostel A Room 102,medium
1378,plumbing,washbasin drain is draining slowly after brushing teeth,Hostel B Balcony,low
2869,security,security mirror at staircase corner is slightly tilted. Happening since last night.,Main Auditorium Hall B,low
3222,other,elevator getting stuck between floors 2 and 3 intermittently,Hostel B Main Electrical Room,medium
3253,other,honeybee or wasp nest building up under 3rd floor window ledge. Students are worried about safety.,Hostel D Server Rack Room,medium
1962,fire_safety,Plastic cover on emergency break-glass box is cracked. needs urgent inspection.,Main Auditorium Hall B,low
1583,plumbing,sewage pipe burst with toxic foul water overflowing across hostel hallway. Affecting multiple students.,Hostel C Staircase,high
2176,fire_safety,"Strong gas leak detected near mess kitchen cylinder bank, hissing sound and heavy smell",Hostel B Corridor 3rd Floor,high
2620,sanitation,black mold spreading rapidly along damp bathroom walls and ceiling. Very concerning situation.,Hostel B Corridor 3rd Floor,medium
1211,electrical,live wire snapped and touching metallic railing on staircase. Happening since last night.,Hostel A Ground Floor Lobby,high
3178,other,campus bus schedule poster is outdated and needs update. Students are worried about safety.,Hostel B Balcony,low
2307,structural,bathroom door frame rotten at base and detaching from wall,Hostel C Staircase,medium
2675,sanitation,sanitation duct overflowing with gray water into rear courtyard. Needs urgent inspection.,Hostel D Room 412,medium
2429,structural,major structural pillar in basement shows wide cracks and exposed rebar buckling. Very concerning situation.,Hostel D Terrace Access,high
1599,plumbing,water entering room through light fixtures from flooded floor above. Happening since last night.,Hostel C Basement Study Room,high
2883,security,Bicycle rack outside hostel has one loose bolt on stand,Academic Block 1 Room 101,low
1112,electrical,corridor lights went dark due to tripped MCB on floor 3,Hostel E Water Tank Area,medium
1094,electrical,room switchboard has a slightly loose switch for the fan,Academic Block 1 Room 101,low
1562,plumbing,severe structural flooding threatening server room on ground floor,Main Auditorium Hall B,high
1260,electrical,"Smoke billowing from electrical duct on third floor, emergency isolation needed",Hostel F Room 118,high
2723,sanitation,"dead animal decomposing in central water supply storage tank, water contaminated",Library 2nd Floor Reading Hall,high
2451,structural,major structural pillar in basement shows wide cracks and exposed rebar buckling. Please send someone to check as soon as possible.,Hostel D Cafeteria,high
1029,electrical,fluorescent tube in bathroom takes a few seconds to light up. Reported this earlier today.,Hostel C Wing West Common Area,low
1620,network,wifi speed is slower than usual in the corner of room 214,Hostel C Wing West Common Area,low
1368,plumbing,washbasin drain is draining slowly after brushing teeth. Needs urgent inspection.,Hostel C Wing West Common Area,low
1740,network,"core floor switch unresponsive, student exams affected",Hostel B Balcony,medium
1466,plumbing,water supply completely cut off to floor 4 bathrooms for 6 hours,Hostel A Ground Floor Lobby,medium
3068,security,critical security breach: master key stolen and unauthorized access to student rooms. Please resolve this quickly.,Hostel B Main Electrical Room,high
3201,other,elevator getting stuck between floors 2 and 3 intermittently,Hostel D Room 412,medium
3148,other,bookshelf in common area needs reorganizing,Library 2nd Floor Reading Hall,low
1580,plumbing,"strong LPG gas smell accompanied by water leakage in mess kitchen area, immediate danger",Hostel C Basement Study Room,high
3268,other,"refrigerator in common kitchen not cooling, student food spoiling",Hostel A Ground Floor Lobby,medium
2075,fire_safety,fire exit route obstructed by heavy storage boxes. Noticeable smell and noise.,Hostel D Cafeteria,medium
2208,structural,wardrobe door hinge is squeaking and slightly misaligned,Gymnasium Locker Room,low
3184,other,suggestion box key misplaced by hostel committee. Please send someone to check as soon as possible.,Hostel C Wing West Common Area,low
3307,other,"student medical emergency: unconscious student having seizure in room 305, ambulance needed. Happening since last night.",Hostel B Balcony,high
1992,fire_safety,emergency exit sign light bulb on floor 1 appears dim. Needs urgent inspection.,Hostel E Room 501,low
3069,security,"shots or explosive sounds heard near perimeter fence, lockdown initiated",Hostel D Room 412,high
1444,plumbing,continuous leak from rooftop overhead tank overflow pipe flooding balcony,Hostel A Floor 2 Washroom,medium
2930,security,night security guard post abandoned during late shift hours,Hostel C Wing West Common Area,medium
3367,other,"deadly venomous snake sighted inside student room under bed, urgent wildlife rescue",Hostel E Water Tank Area,high
2414,structural,"large section of concrete ceiling collapsed into room 214, debris on bed. Very concerning situation.",Hostel D Terrace Access,high
2098,fire_safety,corridor fire alarm strobe light not activating during system test,Hostel C Basement Study Room,medium
1245,electrical,student got electrical shock from metallic water cooler body on floor 2,Hostel D Cafeteria,high
3213,other,Severe noise disruption from unauthorized party in room late at night,Hostel D Room 412,medium
1395,plumbing,shower head has slightly low water pressure in room washroom. Kindly update ticket status once inspected.,Hostel A Room 102,low
2478,structural,Corridor floor slab sagging and separating from main wall joint,Academic Block 1 Room 101,high
2634,sanitation,Black mold spreading rapidly along damp bathroom walls and ceiling,Hostel B Balcony,medium
3098,security,Critical security breach: master key stolen and unauthorized access to student rooms,Hostel D Room 412,high
1515,plumbing,burst main water pipe flooding corridor and seeping into student rooms. Needs urgent inspection.,Central Canteen Kitchen Area,high
2753,sanitation,severe biological hazard with toxic sewage backing up into all ground floor washrooms. Kindly update ticket status once inspected.,Central Canteen Kitchen Area,high
1555,plumbing,sewage pipe burst with toxic foul water overflowing across hostel hallway,Hostel D Room 412,high
1930,fire_safety,smoke detector green indicator LED is not blinking in room 104,Hostel B Balcony,low
2440,structural,Major structural pillar in basement shows wide cracks and exposed rebar buckling. reported this earlier today.,Central Canteen Kitchen Area,high
3067,security,"violent altercation with weapons reported in common room, students in danger. Please send someone to check as soon as possible.",Academic Block 1 Room 101,high
2774,sanitation,Severe biological hazard with toxic sewage backing up into all ground floor washrooms,Hostel D Terrace Access,high
2128,fire_safety,"Smoke alarm activated, smoke pouring out from closed room 412, occupants trapped. needs urgent inspection.",Hostel D Server Rack Room,high
2528,sanitation,dust accumulated on common room window ledges,Hostel C Wing West Common Area,low
1872,network,"Data center core switch overheating and shutdown, all emergency lines down. students are worried about safety.",Hostel A Ground Floor Lobby,high
1705,network,hostel router rebooting constantly every 10 minutes disrupting classes,Gymnasium Locker Room,medium
2827,security,visitor sign-in book at security desk is full and needs replacement,Hostel C Room 305,low
3083,security,kidnapping or severe security threat reported on campus grounds. Noticeable smell and noise.,Hostel E Room 501,high
2674,sanitation,garbage pile uncollected for 4 days outside hostel block attracting flies,Hostel C Staircase,medium
3056,security,"shots or explosive sounds heard near perimeter fence, lockdown initiated",Hostel C Staircase,high
2192,fire_safety,"flames visible from waste disposal chute on ground floor, spreading fast",Hostel B Main Electrical Room,high
2889,security,bicycle rack outside hostel has one loose bolt on stand,Hostel A Room 102,low
1628,network,printer on floor network is occasionally unreachable,Central Canteen Kitchen Area,low
1499,plumbing,drain pipe clogged and water backing up into bathroom stall. Happening since last night.,Gymnasium Locker Room,medium
2417,structural,corridor floor slab sagging and separating from main wall joint,Hostel A Room 102,high
3292,other,stray dog entered hostel corridor and growling at students passing by,Academic Block 1 Room 101,medium
1454,plumbing,"pipe joint cracked in common washroom, water spraying onto wall. Noticeable smell and noise.",Hostel C Wing West Common Area,medium
1603,network,periodic minor disconnects during late night hours. Noticeable smell and noise.,Hostel C Basement Study Room,low
1191,electrical,intermittent power cut in entire wing while other wings have electricity,Hostel F Room 118,medium
1036,electrical,light switch in corridor is stiff to press,Hostel C Staircase,low
1918,fire_safety,Emergency exit sign light bulb on floor 1 appears dim,Main Auditorium Hall B,low
2006,fire_safety,fire hose pipe nozzle cracked and leaking during weekly pressure test,Hostel A Ground Floor Lobby,medium
2458,structural,"external facade wall collapse crushing walkway below, immediate evacuation required",Hostel D Room 412,high
2323,structural,Sunshade slab outside 2nd floor window showing visible cracks and sag,Hostel C Staircase,medium
1976,fire_safety,plastic cover on emergency break-glass box is cracked,Academic Block 1 Room 101,low
3044,security,"hostel main entry doors breached, intruder threatening occupants. Needs urgent inspection.",Hostel D Cafeteria,high
1493,plumbing,"no running water on entire 2nd floor since morning, tanks appear empty",Main Auditorium Hall B,medium
3164,other,lost water bottle left behind in common room lounge. Please send someone to check as soon as possible.,Hostel E Room 501,low
2138,fire_safety,explosion sound followed by fire in chemical storage room near lab. Noticeable smell and noise.,Hostel B Balcony,high
3109,other,whiteboard marker dried out in discussion room. Reported this earlier today.,Hostel A Dining Hall,low
1833,network,"all core routers offline, mission critical services and monitoring halted",Hostel C Basement Study Room,high
2943,security,"theft reported from unattended room on floor 3, laptop and wallet stolen. Affecting multiple students.",Library 2nd Floor Reading Hall,medium
1495,plumbing,Toilet flush mechanism broken and overflowing into drainage pan. please send someone to check as soon as possible.,Hostel B Main Electrical Room,medium
1176,electrical,Fan regulator is overheating and burning odor coming from switchboard,Hostel B Balcony,medium
1392,plumbing,Washbasin drain is draining slowly after brushing teeth. reported this earlier today.,Hostel D Room 412,low
2059,fire_safety,fire exit route obstructed by heavy storage boxes,Hostel E Water Tank Area,medium
1021,electrical,reading light bulb needs replacement in the study room,Hostel D Terrace Access,low
3343,other,"roof water tank collapsed through ceiling into top floor rooms, students trapped. Please resolve this quickly.",Hostel C Wing West Common Area,high
1566,plumbing,"Strong lpg gas smell accompanied by water leakage in mess kitchen area, immediate danger. noticeable smell and noise.",Hostel A Floor 2 Washroom,high
3035,security,hostel perimeter gate breached by hostile mob or unauthorized group. Affecting multiple students.,Hostel E Room 501,high
2221,structural,minor paint peeling on bathroom ceiling due to steam. Affecting multiple students.,Hostel A Floor 2 Washroom,low
1573,plumbing,severe structural flooding threatening server room on ground floor. Students are worried about safety.,Hostel C Basement Study Room,high
1698,network,printer on floor network is occasionally unreachable,Hostel A Room 102,low
1530,plumbing,Flooding in basement electrical substation from burst storm drain pipe,Library 2nd Floor Reading Hall,high
1727,network,"wifi access point on 2nd floor completely dead, no SSID broadcasting",Hostel C Basement Study Room,medium
1435,plumbing,"water pipe under sink leaking steady stream, water pooling on floor. Noticeable smell and noise.",Hostel E Water Tank Area,medium
1999,fire_safety,dust accumulated on corridor smoke sensor casing,Hostel C Room 305,low
2711,sanitation,"toxic sewer gas backup filling residential wing, multiple students feeling nauseous",Main Auditorium Hall B,high
3053,security,kidnapping or severe security threat reported on campus grounds,Hostel D Room 412,high
3342,other,"student medical emergency: unconscious student having seizure in room 305, ambulance needed",Hostel B Corridor 3rd Floor,high
1059,electrical,study lamp switch is a bit loose and sometimes requires multiple clicks to turn on. Happening since last night.,Library 2nd Floor Reading Hall,low
3239,other,washing machine in laundry room vibrating violently and leaking soapy water,Hostel A Room 102,medium
2701,sanitation,severe biological hazard with toxic sewage backing up into all ground floor washrooms. Happening since last night.,Hostel D Terrace Access,high
2369,structural,deep diagonal crack appearing along corridor wall growing over last 2 weeks. Kindly update ticket status once inspected.,Gymnasium Locker Room,medium
2250,structural,floor tile in corner of room has slight chip on corner. Students are worried about safety.,Hostel D Terrace Access,low
3107,other,Room curtain rod bracket is slightly bent. please send someone to check as soon as possible.,Hostel B Room 214,low
2851,security,security mirror at staircase corner is slightly tilted,Hostel D Cafeteria,low
2537,sanitation,housekeeping missed morning sweeping in wing C corridor. Very concerning situation.,Gymnasium Locker Room,low
2856,security,intercom phone to main guard gate has slight static noise,Hostel A Floor 2 Washroom,low
1924,fire_safety,fire bucket sand level is low in ground floor station,Hostel A Dining Hall,low
3006,security,critical security breach: master key stolen and unauthorized access to student rooms. Kindly update ticket status once inspected.,Hostel D Room 412,high
3361,other,gas cylinder valve leaking rapidly with loud hissing in cafeteria kitchen. Kindly update ticket status once inspected.,Hostel E Water Tank Area,high
1503,plumbing,"strong LPG gas smell accompanied by water leakage in mess kitchen area, immediate danger. Noticeable smell and noise.",Hostel D Cafeteria,high
1661,network,speed test shows 5 Mbps instead of usual 50 Mbps in our room,Hostel D Terrace Access,low
1550,plumbing,"uncontrolled high pressure water gushing from main riser pipe, rooms submerged",Hostel D Cafeteria,high
2214,structural,window latch in room 204 is stiff and needs oiling. Very concerning situation.,Hostel A Ground Floor Lobby,low
2498,structural,"external facade wall collapse crushing walkway below, immediate evacuation required. Students are worried about safety.",Gymnasium Locker Room,high
2834,security,id card scanner at turnstile takes 2 attempts to read card. Affecting multiple students.,Hostel C Room 305,low
2669,sanitation,stagnant water pool near water purifier breeding mosquitoes,Library 2nd Floor Reading Hall,medium
1991,fire_safety,emergency exit sign light bulb on floor 1 appears dim. Affecting multiple students.,Hostel C Wing West Common Area,low
2587,sanitation,cobwebs gathered in corner of ceiling in hallway. Kindly update ticket status once inspected.,Hostel D Server Rack Room,low
2751,sanitation,"toxic sewer gas backup filling residential wing, multiple students feeling nauseous",Hostel C Room 305,high
2262,structural,minor paint peeling on bathroom ceiling due to steam. Very concerning situation.,Hostel C Room 305,low
1554,plumbing,"uncontrolled high pressure water gushing from main riser pipe, rooms submerged",Gymnasium Locker Room,high
2333,structural,bathroom door frame rotten at base and detaching from wall. Very concerning situation.,Hostel D Cafeteria,medium
3130,other,lost water bottle left behind in common room lounge. Please resolve this quickly.,Hostel A Room 102,low
2503,sanitation,cobwebs gathered in corner of ceiling in hallway. Very concerning situation.,Main Auditorium Hall B,low
2842,security,Room door key is slightly sticky in the lock cylinder,Hostel F Room 118,low
3153,other,campus bus schedule poster is outdated and needs update,Hostel F Room 118,low
1314,plumbing,shower head has slightly low water pressure in room washroom. Students are worried about safety.,Hostel D Server Rack Room,low
3057,security,"shots or explosive sounds heard near perimeter fence, lockdown initiated",Hostel B Main Electrical Room,high
1942,fire_safety,routine inspection needed for fire extinguisher pressure gauge in lobby. Very concerning situation.,Hostel B Balcony,low
2302,structural,"balcony safety railing is loose and wobbles when pushed, dangerous for students",Academic Block 1 Room 101,medium
1742,network,"entire wing unable to connect to campus wifi, obtaining IP address error. Needs urgent inspection.",Hostel C Staircase,medium
1888,network,"ransomware or malicious attack suspected, all gateway routers failing simultaneously. Students are worried about safety.",Hostel D Cafeteria,high
1217,electrical,"sparks and black smoke coming from main switchboard in corridor, urgent. Very concerning situation.",Academic Block 1 Room 101,high
3397,other,"deadly venomous snake sighted inside student room under bed, urgent wildlife rescue. Kindly update ticket status once inspected.",Academic Block 1 Room 101,high
2767,sanitation,"Main sewage line ruptured inside hostel corridor, raw sewage flooding rooms. reported this earlier today.",Central Canteen Kitchen Area,high
1026,electrical,fluorescent tube in bathroom takes a few seconds to light up,Hostel A Room 102,low
1699,network,Dns lookup seems slightly delayed on hostel subnet. reported this earlier today.,Hostel A Room 102,low
2327,structural,sunshade slab outside 2nd floor window showing visible cracks and sag,Library 2nd Floor Reading Hall,medium
2037,fire_safety,Fire exit route obstructed by heavy storage boxes,Gymnasium Locker Room,medium
1142,electrical,"Room circuit tripped twice while running iron and laptop, power cutoff in our room. affecting multiple students.",Hostel B Balcony,medium
1759,network,"Wifi access point on 2nd floor completely dead, no ssid broadcasting. affecting multiple students.",Hostel B Main Electrical Room,medium
2355,structural,false ceiling panel sagging downward in common study room,Main Auditorium Hall B,medium
2714,sanitation,"toxic sewer gas backup filling residential wing, multiple students feeling nauseous",Hostel B Corridor 3rd Floor,high
2092,fire_safety,strong burning paper or wood smell in courtyard with smoke source unknown,Hostel D Room 412,medium
1712,network,Access point blinking red light and rejecting all authentication attempts,Gymnasium Locker Room,medium
1085,electrical,reading light bulb needs replacement in the study room,Hostel A Dining Hall,low
3047,security,kidnapping or severe security threat reported on campus grounds,Hostel C Staircase,high
2160,fire_safety,explosion sound followed by fire in chemical storage room near lab. Needs urgent inspection.,Gymnasium Locker Room,high
2965,security,perimeter fence wire cut behind hostel sports ground,Hostel D Room 412,medium
1248,electrical,"sparks and black smoke coming from main switchboard in corridor, urgent. Kindly update ticket status once inspected.",Hostel E Room 501,high
2230,structural,skirting board along corridor wall is coming loose,Hostel C Room 305,low
2402,structural,"staircase railing completely detached and fallen, open drop from 4th floor",Hostel C Basement Study Room,high
1618,network,ethernet port in room has a loose latch but connection works,Hostel B Balcony,low
2583,sanitation,soap dispenser empty in common washroom,Hostel D Cafeteria,low
2934,security,"theft reported from unattended room on floor 3, laptop and wallet stolen. Needs urgent inspection.",Hostel D Room 412,medium
3086,security,"armed intruder or violent trespasser reported inside hostel block, lockdown needed",Hostel C Basement Study Room,high
1498,plumbing,"no running water on entire 2nd floor since morning, tanks appear empty. Affecting multiple students.",Hostel D Cafeteria,medium
3150,other,campus bus schedule poster is outdated and needs update. Please send someone to check as soon as possible.,Hostel D Terrace Access,low
2415,structural,major structural pillar in basement shows wide cracks and exposed rebar buckling. Happening since last night.,Hostel D Cafeteria,high
2720,sanitation,"toxic sewer gas backup filling residential wing, multiple students feeling nauseous",Hostel B Corridor 3rd Floor,high
1156,electrical,corridor lights went dark due to tripped MCB on floor 3,Hostel C Basement Study Room,medium
1407,plumbing,Foul smelling dirty water coming out from tap in hostel wing. affecting multiple students.,Hostel C Staircase,medium
2465,structural,"entire balcony slab vibrating and tilting downward, imminent collapse risk",Central Canteen Kitchen Area,high
1813,network,"data center core switch overheating and shutdown, all emergency lines down",Hostel A Floor 2 Washroom,high
1769,network,No internet connection in entire block b while other blocks are fine,Central Canteen Kitchen Area,medium
2925,security,night security guard post abandoned during late shift hours. Kindly update ticket status once inspected.,Hostel B Balcony,medium
3030,security,"panic alarm triggered in residential wing, active intruder alert. Reported this earlier today.",Hostel C Staircase,high
1639,network,intermittent ping spikes while playing online educational tutorials,Hostel C Room 305,low
1053,electrical,ceiling tube light flickers intermittently when switched on in the evening. Please resolve this quickly.,Hostel C Basement Study Room,low
3348,other,Severe allergic reaction / anaphylaxis emergency in dining hall. needs urgent inspection.,Hostel D Room 412,high
3034,security,"Shots or explosive sounds heard near perimeter fence, lockdown initiated",Hostel A Floor 2 Washroom,high
1638,network,speed test shows 5 Mbps instead of usual 50 Mbps in our room,Hostel D Terrace Access,low
3133,other,Lost jacket hanging on corridor coat rack. very concerning situation.,Hostel B Corridor 3rd Floor,low
2801,security,door peephole on room door is scratched and foggy,Hostel B Room 214,low
2672,sanitation,black mold spreading rapidly along damp bathroom walls and ceiling,Main Auditorium Hall B,medium
2861,security,security mirror at staircase corner is slightly tilted. Needs urgent inspection.,Hostel B Room 214,low
3264,other,broken glass bottles scattered across basketball court walkway. Students are worried about safety.,Hostel C Basement Study Room,medium
2244,structural,small chip in stair tread edge on ground floor landing,Hostel B Balcony,low
2241,structural,floor tile in corner of room has slight chip on corner,Hostel A Floor 2 Washroom,low
1344,plumbing,bathroom sink tap handle is a bit tight to turn off completely,Hostel F Room 118,low
1756,network,Local area network down for all rooms on the west corridor. happening since last night.,Hostel E Water Tank Area,medium
2571,sanitation,mirror in bathroom has water stains and needs wiping,Hostel C Wing West Common Area,low
1525,plumbing,massive water flood on 3rd floor reaching electrical sockets and elevators. Needs urgent inspection.,Hostel E Room 501,high
2433,structural,"severe structural compromise, beam cracking loudly above dining hall. Needs urgent inspection.",Hostel A Room 102,high
2905,security,ground floor window security grill loose and screws removed. Kindly update ticket status once inspected.,Hostel D Terrace Access,medium
1447,plumbing,Water supply completely cut off to floor 4 bathrooms for 6 hours. reported this earlier today.,Hostel A Dining Hall,medium
3380,other,"critical medical crisis: student injured with heavy bleeding, urgent first aid needed",Central Canteen Kitchen Area,high
3149,other,whiteboard marker dried out in discussion room. Noticeable smell and noise.,Hostel A Dining Hall,low
3043,security,"student assaulted in hostel staircase, immediate security and medical dispatch required. Please resolve this quickly.",Hostel A Floor 2 Washroom,high
2899,security,bicycle rack outside hostel has one loose bolt on stand,Hostel E Water Tank Area,low
1259,electrical,"exposed live wire hanging near wet washroom entrance, serious shock hazard",Hostel B Balcony,high
1489,plumbing,continuous leak from rooftop overhead tank overflow pipe flooding balcony. Kindly update ticket status once inspected.,Hostel E Water Tank Area,medium
2780,sanitation,severe contamination of drinking water system with sewage infiltration,Hostel B Corridor 3rd Floor,high
2273,structural,wooden study desk drawer sticks when opening,Library 2nd Floor Reading Hall,low
1042,electrical,exhaust fan switch in bathroom is stiff and makes a slight click sound. Please resolve this quickly.,Hostel D Terrace Access,low
3027,security,"violent altercation with weapons reported in common room, students in danger. Please resolve this quickly.",Hostel B Room 214,high
2806,security,room door key is slightly sticky in the lock cylinder,Hostel E Water Tank Area,low
1064,electrical,ceiling tube light flickers intermittently when switched on in the evening,Central Canteen Kitchen Area,low
2545,sanitation,"Minor bad odor from washroom floor drain, needs disinfectant",Hostel D Cafeteria,low
1083,electrical,desk light bulb has gone dim over the last few days,Hostel A Floor 2 Washroom,low
2335,structural,large chunks of plaster fell from ceiling onto study table while room was empty. Reported this earlier today.,Hostel A Dining Hall,medium
3240,other,Stray dog entered hostel corridor and growling at students passing by. kindly update ticket status once inspected.,Hostel A Floor 2 Washroom,medium
1141,electrical,"exhaust fan in floor bathroom stopped working completely, burning smell noticed initially",Hostel C Room 305,medium
2332,structural,"Balcony safety railing is loose and wobbles when pushed, dangerous for students",Library 2nd Floor Reading Hall,medium
1460,plumbing,toilet flush mechanism broken and overflowing into drainage pan,Hostel F Room 118,medium
3023,security,"shots or explosive sounds heard near perimeter fence, lockdown initiated",Hostel F Room 118,high
1107,electrical,"room circuit tripped twice while running iron and laptop, power cutoff in our room",Hostel A Ground Floor Lobby,medium
2105,fire_safety,explosion sound followed by fire in chemical storage room near lab,Hostel E Room 501,high
2535,sanitation,"minor bad odor from washroom floor drain, needs disinfectant",Hostel D Room 412,low
3074,security,"Active break-in in progress, unauthorized person forcing doors on 3rd floor",Library 2nd Floor Reading Hall,high
3029,security,hostel perimeter gate breached by hostile mob or unauthorized group,Hostel D Cafeteria,high
1168,electrical,wire casing near the switchboard appears loose and cracked. Please send someone to check as soon as possible.,Hostel E Water Tank Area,medium
1517,plumbing,burst main water pipe flooding corridor and seeping into student rooms,Hostel F Room 118,high
1864,network,"main fiber backbone disconnected, total campus disconnection from internet",Hostel A Dining Hall,high
2541,sanitation,soap dispenser empty in common washroom,Hostel B Room 214,low
1570,plumbing,"strong LPG gas smell accompanied by water leakage in mess kitchen area, immediate danger. Reported this earlier today.",Hostel B Corridor 3rd Floor,high
2916,security,"room door lock mechanism broken, door cannot be securely locked from outside. Reported this earlier today.",Hostel C Wing West Common Area,medium
2559,sanitation,cobwebs gathered in corner of ceiling in hallway. Noticeable smell and noise.,Hostel D Room 412,low
1692,network,guest wifi login portal page takes long time to load,Hostel C Wing West Common Area,low
3331,other,"roof water tank collapsed through ceiling into top floor rooms, students trapped",Hostel F Room 118,high
1932,fire_safety,hose reel cabinet door latch is stiff to open. Needs urgent inspection.,Library 2nd Floor Reading Hall,low
1434,plumbing,toilet flush mechanism broken and overflowing into drainage pan. Reported this earlier today.,Hostel A Ground Floor Lobby,medium
1671,network,guest wifi login portal page takes long time to load,Gymnasium Locker Room,low
2927,security,security CCTV camera on 2nd floor corridor is offline with black screen,Hostel B Main Electrical Room,medium
1533,plumbing,"strong LPG gas smell accompanied by water leakage in mess kitchen area, immediate danger. Students are worried about safety.",Hostel D Cafeteria,high
2837,security,visitor sign-in book at security desk is full and needs replacement,Gymnasium Locker Room,low
3297,other,Loud screeching noise from ventilation shaft disrupting sleep. happening since last night.,Hostel A Ground Floor Lobby,medium
1946,fire_safety,routine inspection needed for fire extinguisher pressure gauge in lobby. Please send someone to check as soon as possible.,Hostel D Terrace Access,low
1278,electrical,"exposed live wire hanging near wet washroom entrance, serious shock hazard",Hostel B Corridor 3rd Floor,high
3237,other,honeybee or wasp nest building up under 3rd floor window ledge,Central Canteen Kitchen Area,medium
2317,structural,false ceiling panel sagging downward in common study room,Hostel B Room 214,medium
3065,security,"armed intruder or violent trespasser reported inside hostel block, lockdown needed",Hostel E Room 501,high
2727,sanitation,fecal matter and sewage overflow flooding hallway and entering student living areas. Needs urgent inspection.,Hostel B Balcony,high
2358,structural,bathroom door frame rotten at base and detaching from wall. Affecting multiple students.,Hostel C Staircase,medium
2156,fire_safety,"Flames visible from waste disposal chute on ground floor, spreading fast",Hostel D Cafeteria,high
2213,structural,skirting board along corridor wall is coming loose. Needs urgent inspection.,Hostel B Balcony,low
1807,network,"catastrophic network outage across entire institution, security systems offline",Gymnasium Locker Room,high
1056,electrical,reading light bulb needs replacement in the study room,Hostel B Main Electrical Room,low
3336,other,"Deadly venomous snake sighted inside student room under bed, urgent wildlife rescue. reported this earlier today.",Hostel B Balcony,high
2275,structural,room door needs a stopper installed to prevent banging,Hostel B Balcony,low
1262,electrical,"water leaking directly onto open electrical switchboard, sparking vigorously. Reported this earlier today.",Gymnasium Locker Room,high
1958,fire_safety,hose reel cabinet door latch is stiff to open. Reported this earlier today.,Library 2nd Floor Reading Hall,low
2722,sanitation,severe contamination of drinking water system with sewage infiltration,Hostel D Server Rack Room,high
1339,plumbing,"tap slowly dripping in bathroom sink, bucket placed underneath",Hostel C Basement Study Room,low
2484,structural,"severe structural compromise, beam cracking loudly above dining hall. Please send someone to check as soon as possible.",Hostel A Room 102,high
1829,network,Network core failure disabling campus biometric security gates and cctv stream,Hostel A Ground Floor Lobby,high
3393,other,severe allergic reaction / anaphylaxis emergency in dining hall. Very concerning situation.,Hostel A Ground Floor Lobby,high
2391,structural,heavy water seepage causing wall to bulge and paint to peel severely. Affecting multiple students.,Hostel F Room 118,medium
2370,structural,"balcony safety railing is loose and wobbles when pushed, dangerous for students. Noticeable smell and noise.",Hostel A Ground Floor Lobby,medium
1689,network,DNS lookup seems slightly delayed on hostel subnet,Hostel A Ground Floor Lobby,low
1797,network,ethernet wall jacks across 5 rooms on floor 3 not receiving link light. Very concerning situation.,Hostel B Room 214,medium
1060,electrical,"Wall plug in room works but looks slightly worn out, please inspect when free. reported this earlier today.",Hostel C Staircase,low
1995,fire_safety,emergency exit sign light bulb on floor 1 appears dim,Gymnasium Locker Room,low
1893,network,primary fiber optic uplink cable severed during construction outside hostel,Hostel D Server Rack Room,high
1559,plumbing,Sewage pipe burst with toxic foul water overflowing across hostel hallway. kindly update ticket status once inspected.,Hostel C Basement Study Room,high
3295,other,stray dog entered hostel corridor and growling at students passing by,Hostel D Server Rack Room,medium
2000,fire_safety,plastic cover on emergency break-glass box is cracked. Please resolve this quickly.,Gymnasium Locker Room,low
1452,plumbing,"Pipe joint cracked in common washroom, water spraying onto wall. please send someone to check as soon as possible.",Hostel F Room 118,medium
2236,structural,floor tile in corner of room has slight chip on corner,Hostel A Ground Floor Lobby,low
2639,sanitation,blocked urinal overflowing dirty water onto restroom floor. Noticeable smell and noise.,Hostel B Corridor 3rd Floor,medium
2119,fire_safety,major electrical fire spreading along cable tray across residential floor,Hostel B Balcony,high
2505,sanitation,dustbin in common corridor is full and needs daily emptying. Please resolve this quickly.,Hostel C Wing West Common Area,low
2531,sanitation,dustbin in common corridor is full and needs daily emptying. Happening since last night.,Hostel C Wing West Common Area,low
2963,security,security CCTV camera on 2nd floor corridor is offline with black screen. Please send someone to check as soon as possible.,Hostel A Floor 2 Washroom,medium
3337,other,major structural ceiling collapse and fire emergency in main hall,Hostel D Terrace Access,high
2712,sanitation,Burst main septic chamber overflowing across hostel perimeter. affecting multiple students.,Hostel B Main Electrical Room,high
2748,sanitation,Severe biological hazard with toxic sewage backing up into all ground floor washrooms. noticeable smell and noise.,Hostel D Terrace Access,high
1799,network,network switch in floor corridor making loud clicking noise and offline,Hostel A Dining Hall,medium
2544,sanitation,mirror in bathroom has water stains and needs wiping,Hostel B Room 214,low
1612,network,guest wifi login portal page takes long time to load. Please send someone to check as soon as possible.,Hostel C Room 305,low
1721,network,network switch in floor corridor making loud clicking noise and offline,Hostel B Room 214,medium
1013,electrical,room switchboard has a slightly loose switch for the fan,Hostel C Room 305,low
1977,fire_safety,plastic cover on emergency break-glass box is cracked,Hostel D Room 412,low
3187,other,notice board glass in lobby has finger smudges,Hostel B Main Electrical Room,low
2180,fire_safety,emergency fire exit completely blocked while fire is spreading in staircase,Academic Block 1 Room 101,high
2568,sanitation,water cooler drip tray needs cleaning and sanitizing. Happening since last night.,Hostel B Corridor 3rd Floor,low
3304,other,"deadly venomous snake sighted inside student room under bed, urgent wildlife rescue",Gymnasium Locker Room,high
1041,electrical,fluorescent tube in bathroom takes a few seconds to light up. Reported this earlier today.,Hostel A Dining Hall,low
2425,structural,"external facade wall collapse crushing walkway below, immediate evacuation required",Hostel A Dining Hall,high
2197,fire_safety,"Strong gas leak detected near mess kitchen cylinder bank, hissing sound and heavy smell",Hostel D Room 412,high
3290,other,severe noise disruption from unauthorized party in room late at night. Needs urgent inspection.,Hostel D Server Rack Room,medium
1798,network,DHCP server not assigning IP addresses to students on hostel network. Kindly update ticket status once inspected.,Hostel D Terrace Access,medium
3146,other,notice board glass in lobby has finger smudges,Academic Block 1 Room 101,low
2706,sanitation,"toxic sewer gas backup filling residential wing, multiple students feeling nauseous. Reported this earlier today.",Hostel D Terrace Access,high
1424,plumbing,water supply completely cut off to floor 4 bathrooms for 6 hours,Hostel C Basement Study Room,medium
1128,electrical,fan regulator is overheating and burning odor coming from switchboard,Hostel D Server Rack Room,medium
1852,network,primary fiber optic uplink cable severed during construction outside hostel. Noticeable smell and noise.,Hostel D Room 412,high
1955,fire_safety,fire bucket sand level is low in ground floor station,Hostel C Basement Study Room,low
2112,fire_safety,major electrical fire spreading along cable tray across residential floor,Hostel B Main Electrical Room,high
1678,network,printer on floor network is occasionally unreachable. Noticeable smell and noise.,Hostel B Corridor 3rd Floor,low
1835,network,Primary fiber optic uplink cable severed during construction outside hostel. affecting multiple students.,Hostel E Water Tank Area,high
1850,network,"complete blackout of all communication channels, internet and VoIP down campus-wide. Noticeable smell and noise.",Hostel A Floor 2 Washroom,high
3322,other,"Critical medical crisis: student injured with heavy bleeding, urgent first aid needed",Hostel A Floor 2 Washroom,high
3097,security,hostel perimeter gate breached by hostile mob or unauthorized group. Needs urgent inspection.,Hostel A Floor 2 Washroom,high
2447,structural,"large section of concrete ceiling collapsed into room 214, debris on bed. Noticeable smell and noise.",Hostel F Room 118,high
1313,plumbing,faucet aerator in pantry has slight leak around the joint. Please resolve this quickly.,Hostel A Floor 2 Washroom,low
2422,structural,roof concrete slab cracking open with pieces falling into top floor rooms,Hostel A Dining Hall,high
3333,other,severe allergic reaction / anaphylaxis emergency in dining hall. Please resolve this quickly.,Hostel C Basement Study Room,high
1474,plumbing,continuous leak from rooftop overhead tank overflow pipe flooding balcony,Hostel C Room 305,medium
3072,security,"violent altercation with weapons reported in common room, students in danger",Academic Block 1 Room 101,high
3247,other,honeybee or wasp nest building up under 3rd floor window ledge,Hostel B Balcony,medium
1166,electrical,two sockets in room 214 have completely stopped providing power. Reported this earlier today.,Hostel F Room 118,medium
2107,fire_safety,emergency fire exit completely blocked while fire is spreading in staircase. Reported this earlier today.,Hostel E Room 501,high
1655,network,guest wifi login portal page takes long time to load,Hostel C Staircase,low
1688,network,wifi signal drops to 2 bars near balcony area. Very concerning situation.,Hostel C Staircase,low
1557,plumbing,Flooding in basement electrical substation from burst storm drain pipe,Hostel C Room 305,high
1481,plumbing,water supply completely cut off to floor 4 bathrooms for 6 hours,Academic Block 1 Room 101,medium
3311,other,"passenger elevator cable snapped and safety brake engaged, 4 students trapped inside in darkness. Reported this earlier today.",Gymnasium Locker Room,high
2462,structural,building foundation wall cracked with noticeable tilt in hostel wing B. Please resolve this quickly.,Main Auditorium Hall B,high
1159,electrical,"frequent voltage fluctuations noticed across floor 2, appliances turning off",Hostel D Cafeteria,medium
1901,fire_safety,fire extinguisher inspection tag in hallway expired last month,Hostel E Water Tank Area,low
1563,plumbing,"strong LPG gas smell accompanied by water leakage in mess kitchen area, immediate danger. Noticeable smell and noise.",Central Canteen Kitchen Area,high
1490,plumbing,continuous leak from rooftop overhead tank overflow pipe flooding balcony. Reported this earlier today.,Hostel D Room 412,medium
2284,structural,small hairline crack on bedroom plaster near the window sill. Needs urgent inspection.,Hostel B Corridor 3rd Floor,low
1993,fire_safety,fire safety instruction poster in corridor is torn and needs replacement,Hostel B Balcony,low
2068,fire_safety,fire exit route obstructed by heavy storage boxes,Hostel A Dining Hall,medium
2593,sanitation,water cooler drip tray needs cleaning and sanitizing,Hostel B Balcony,low
2569,sanitation,dust accumulated on common room window ledges,Hostel A Floor 2 Washroom,low
1568,plumbing,"main supply line cracked wide open, stairs transformed into water cascade. Needs urgent inspection.",Main Auditorium Hall B,high
2306,structural,Bathroom door frame rotten at base and detaching from wall,Hostel B Balcony,medium
2721,sanitation,severe contamination of drinking water system with sewage infiltration. Happening since last night.,Hostel A Room 102,high
1507,plumbing,severe structural flooding threatening server room on ground floor. Happening since last night.,Hostel A Ground Floor Lobby,high
2540,sanitation,Water cooler drip tray needs cleaning and sanitizing,Hostel A Room 102,low
1531,plumbing,"strong LPG gas smell accompanied by water leakage in mess kitchen area, immediate danger",Hostel C Staircase,high
1922,fire_safety,fire bucket sand level is low in ground floor station. Needs urgent inspection.,Academic Block 1 Room 101,low
1973,fire_safety,routine inspection needed for fire extinguisher pressure gauge in lobby,Hostel B Balcony,low
2765,sanitation,hazardous medical or chemical waste dumped illegally behind residential block,Hostel B Main Electrical Room,high
2524,sanitation,soap dispenser empty in common washroom,Hostel C Room 305,low
1326,plumbing,faucet aerator in pantry has slight leak around the joint,Hostel E Water Tank Area,low
1914,fire_safety,dust accumulated on corridor smoke sensor casing,Central Canteen Kitchen Area,low
2917,security,security CCTV camera on 2nd floor corridor is offline with black screen. Please resolve this quickly.,Hostel B Balcony,medium
2702,sanitation,hazardous medical or chemical waste dumped illegally behind residential block,Hostel A Dining Hall,high
3115,other,clock in study room is running 15 minutes slow,Main Auditorium Hall B,low
2034,fire_safety,corridor fire alarm strobe light not activating during system test. Affecting multiple students.,Hostel A Ground Floor Lobby,medium
2961,security,multiple room padlocks tampered with during semester break,Hostel B Balcony,medium
2670,sanitation,blocked urinal overflowing dirty water onto restroom floor,Hostel A Room 102,medium
2255,structural,wardrobe door hinge is squeaking and slightly misaligned,Hostel C Staircase,low
1907,fire_safety,hose reel cabinet door latch is stiff to open. Please resolve this quickly.,Academic Block 1 Room 101,low
2547,sanitation,soap dispenser empty in common washroom,Hostel A Ground Floor Lobby,low
1650,network,printer on floor network is occasionally unreachable. Affecting multiple students.,Hostel A Room 102,low
2220,structural,window latch in room 204 is stiff and needs oiling,Hostel C Room 305,low
2145,fire_safety,"thick black smoke filling hostel 3rd floor corridor, alarms blaring, evacuation needed. Reported this earlier today.",Hostel C Room 305,high
3126,other,lost water bottle left behind in common room lounge,Hostel D Room 412,low
2368,structural,heavy water seepage causing wall to bulge and paint to peel severely,Hostel B Corridor 3rd Floor,medium
3186,other,notice board glass in lobby has finger smudges. Needs urgent inspection.,Gymnasium Locker Room,low
2642,sanitation,Sewage smell rising from multiple bathroom drains on 2nd floor,Gymnasium Locker Room,medium
1274,electrical,"active electrical fire in junction box near room 305, burning plastic smell and flames. Very concerning situation.",Hostel B Balcony,high
1935,fire_safety,routine inspection needed for fire extinguisher pressure gauge in lobby,Hostel F Room 118,low
3193,other,suggestion box key misplaced by hostel committee. Happening since last night.,Hostel C Basement Study Room,low
2738,sanitation,severe biological hazard with toxic sewage backing up into all ground floor washrooms,Hostel E Water Tank Area,high
1511,plumbing,"strong LPG gas smell accompanied by water leakage in mess kitchen area, immediate danger",Hostel E Water Tank Area,high
2142,fire_safety,emergency fire exit completely blocked while fire is spreading in staircase. Students are worried about safety.,Hostel C Basement Study Room,high
3399,other,severe chemical spill in corridor causing eye irritation and breathing distress. Affecting multiple students.,Hostel A Floor 2 Washroom,high
1952,fire_safety,emergency exit sign light bulb on floor 1 appears dim. Needs urgent inspection.,Hostel C Basement Study Room,low
2061,fire_safety,Fire extinguisher missing from its designated wall bracket on floor 3. please send someone to check as soon as possible.,Hostel E Water Tank Area,medium
2426,structural,building foundation wall cracked with noticeable tilt in hostel wing B. Kindly update ticket status once inspected.,Hostel B Balcony,high
2647,sanitation,garbage pile uncollected for 4 days outside hostel block attracting flies. Noticeable smell and noise.,Hostel A Room 102,medium
1361,plumbing,slow drip from flush tank valve into the commode. Happening since last night.,Central Canteen Kitchen Area,low
1449,plumbing,"pipe joint cracked in common washroom, water spraying onto wall",Hostel A Floor 2 Washroom,medium
3315,other,"roof water tank collapsed through ceiling into top floor rooms, students trapped. Kindly update ticket status once inspected.",Hostel D Cafeteria,high
2595,sanitation,dust accumulated on common room window ledges,Main Auditorium Hall B,low
1219,electrical,"active electrical fire in junction box near room 305, burning plastic smell and flames",Hostel C Room 305,high
2814,security,corridor security camera dome cover is dusty,Hostel C Staircase,low
2578,sanitation,stray leaves accumulated outside hostel entrance doorway,Hostel C Room 305,low
2763,sanitation,severe biological hazard with toxic sewage backing up into all ground floor washrooms. Noticeable smell and noise.,Academic Block 1 Room 101,high
2538,sanitation,Dust accumulated on common room window ledges. affecting multiple students.,Academic Block 1 Room 101,low
2829,security,intercom phone to main guard gate has slight static noise. Reported this earlier today.,Hostel A Dining Hall,low
1012,electrical,room switchboard has a slightly loose switch for the fan,Hostel A Dining Hall,low
3363,other,severe allergic reaction / anaphylaxis emergency in dining hall,Hostel B Main Electrical Room,high
2344,structural,bathroom door frame rotten at base and detaching from wall. Please resolve this quickly.,Hostel A Floor 2 Washroom,medium
1303,plumbing,water tap in washroom leaks a few drops every minute,Hostel C Basement Study Room,low
1500,plumbing,water supply completely cut off to floor 4 bathrooms for 6 hours. Kindly update ticket status once inspected.,Hostel A Ground Floor Lobby,medium
3383,other,major structural ceiling collapse and fire emergency in main hall,Hostel C Wing West Common Area,high
2013,fire_safety,fire alarm panel beeping continuously with yellow fault warning light,Central Canteen Kitchen Area,medium
1787,network,DHCP server not assigning IP addresses to students on hostel network,Hostel C Wing West Common Area,medium
2427,structural,major structural pillar in basement shows wide cracks and exposed rebar buckling. Reported this earlier today.,Library 2nd Floor Reading Hall,high
2472,structural,roof concrete slab cracking open with pieces falling into top floor rooms. Needs urgent inspection.,Hostel C Basement Study Room,high
1399,plumbing,water tap in washroom leaks a few drops every minute. Affecting multiple students.,Hostel D Room 412,low
2179,fire_safety,"smoke alarm activated, smoke pouring out from closed room 412, occupants trapped. Needs urgent inspection.",Main Auditorium Hall B,high
2290,structural,small hairline crack on bedroom plaster near the window sill,Hostel B Corridor 3rd Floor,low
2815,security,gate latch on secondary perimeter fence is loose. Please resolve this quickly.,Hostel A Room 102,low
1849,network,"catastrophic network outage across entire institution, security systems offline. Please send someone to check as soon as possible.",Hostel C Wing West Common Area,high
1933,fire_safety,hose reel cabinet door latch is stiff to open,Hostel F Room 118,low
1150,electrical,Intermittent power cut in entire wing while other wings have electricity. very concerning situation.,Hostel D Terrace Access,medium
2574,sanitation,water cooler drip tray needs cleaning and sanitizing,Hostel D Terrace Access,low
2741,sanitation,"dead animal decomposing in central water supply storage tank, water contaminated. Affecting multiple students.",Hostel A Floor 2 Washroom,high
2252,structural,small hairline crack on bedroom plaster near the window sill. Very concerning situation.,Hostel C Basement Study Room,low
1974,fire_safety,Fire extinguisher inspection tag in hallway expired last month,Hostel D Cafeteria,low
1502,plumbing,Severe structural flooding threatening server room on ground floor,Hostel C Staircase,high
1095,electrical,exhaust fan switch in bathroom is stiff and makes a slight click sound,Hostel C Wing West Common Area,low
1051,electrical,"study table socket cover plate is loose, need maintenance check",Hostel C Basement Study Room,low
1302,plumbing,bathroom sink tap handle is a bit tight to turn off completely,Hostel E Water Tank Area,low
1408,plumbing,foul smelling dirty water coming out from tap in hostel wing. Very concerning situation.,Main Auditorium Hall B,medium
2964,security,emergency security phone box on campus pathway broken and unresponsive,Central Canteen Kitchen Area,medium
1461,plumbing,"pipe joint cracked in common washroom, water spraying onto wall",Hostel A Dining Hall,medium
1636,network,Periodic minor disconnects during late night hours,Hostel E Room 501,low
2378,structural,bathroom door frame rotten at base and detaching from wall,Hostel B Balcony,medium
1482,plumbing,"Water pipe under sink leaking steady stream, water pooling on floor",Gymnasium Locker Room,medium
2539,sanitation,housekeeping missed morning sweeping in wing C corridor. Noticeable smell and noise.,Hostel C Wing West Common Area,low
2677,sanitation,black mold spreading rapidly along damp bathroom walls and ceiling. Happening since last night.,Hostel C Room 305,medium
1192,electrical,power socket feels warm to the touch after using for an hour,Library 2nd Floor Reading Hall,medium
1687,network,guest wifi login portal page takes long time to load,Hostel A Room 102,low
2269,structural,small chip in stair tread edge on ground floor landing,Hostel A Floor 2 Washroom,low
2297,structural,Minor paint peeling on bathroom ceiling due to steam. very concerning situation.,Academic Block 1 Room 101,low
2360,structural,staircase concrete step cracked in half and unstable under foot traffic,Main Auditorium Hall B,medium
2056,fire_safety,fire alarm panel beeping continuously with yellow fault warning light,Academic Block 1 Room 101,medium
1582,plumbing,flooding in basement electrical substation from burst storm drain pipe,Hostel B Balcony,high
1174,electrical,intermittent power cut in entire wing while other wings have electricity. Affecting multiple students.,Hostel D Terrace Access,medium
2350,structural,corridor window frame loosened from concrete wall structure,Library 2nd Floor Reading Hall,medium
1348,plumbing,water tap in washroom leaks a few drops every minute. Reported this earlier today.,Hostel A Ground Floor Lobby,low
2508,sanitation,mirror in bathroom has water stains and needs wiping,Main Auditorium Hall B,low
2631,sanitation,Sanitation duct overflowing with gray water into rear courtyard,Academic Block 1 Room 101,medium
2846,security,security mirror at staircase corner is slightly tilted. Please send someone to check as soon as possible.,Hostel A Room 102,low
2626,sanitation,stagnant water pool near water purifier breeding mosquitoes. Please resolve this quickly.,Gymnasium Locker Room,medium
3054,security,kidnapping or severe security threat reported on campus grounds. Affecting multiple students.,Hostel A Ground Floor Lobby,high
2047,fire_safety,fire exit route obstructed by heavy storage boxes,Central Canteen Kitchen Area,medium
1438,plumbing,"pipe joint cracked in common washroom, water spraying onto wall",Hostel A Dining Hall,medium
2384,structural,Main corridor entrance glass door cracked and rattling in high wind,Hostel B Room 214,medium
1906,fire_safety,plastic cover on emergency break-glass box is cracked. Kindly update ticket status once inspected.,Hostel C Basement Study Room,low
1905,fire_safety,emergency evacuation map near lift lobby is faded. Students are worried about safety.,Hostel C Basement Study Room,low
3386,other,"roof water tank collapsed through ceiling into top floor rooms, students trapped. Affecting multiple students.",Hostel D Server Rack Room,high
1660,network,Wifi speed is slower than usual in the corner of room 214. noticeable smell and noise.,Hostel B Corridor 3rd Floor,low
2341,structural,bathroom door frame rotten at base and detaching from wall,Hostel D Terrace Access,medium
2243,structural,small chip in stair tread edge on ground floor landing. Please send someone to check as soon as possible.,Gymnasium Locker Room,low
2188,fire_safety,Fire sprinkler pipe ruptured but no water flowing while flames grow in lounge,Hostel C Room 305,high
2610,sanitation,cockroach and pest infestation noticed in pantry cabinets and floor washroom,Academic Block 1 Room 101,medium
1881,network,campus-wide network and core firewall crash during online placement exams. Affecting multiple students.,Hostel F Room 118,high
1431,plumbing,Continuous leak from rooftop overhead tank overflow pipe flooding balcony. noticeable smell and noise.,Hostel E Room 501,medium
1588,plumbing,"uncontrolled high pressure water gushing from main riser pipe, rooms submerged",Hostel A Floor 2 Washroom,high
1623,network,printer on floor network is occasionally unreachable. Needs urgent inspection.,Hostel B Balcony,low
1001,electrical,"wall plug in room works but looks slightly worn out, please inspect when free. Please send someone to check as soon as possible.",Hostel E Water Tank Area,low
2708,sanitation,"toxic sewer gas backup filling residential wing, multiple students feeling nauseous. Please resolve this quickly.",Hostel A Room 102,high
2123,fire_safety,fire sprinkler pipe ruptured but no water flowing while flames grow in lounge,Hostel A Dining Hall,high
1832,network,server room network rack caught fire with melted switch cables,Hostel E Water Tank Area,high
1617,network,wifi speed is slower than usual in the corner of room 214,Library 2nd Floor Reading Hall,low
2166,fire_safety,"strong gas leak detected near mess kitchen cylinder bank, hissing sound and heavy smell",Hostel A Floor 2 Washroom,high
2261,structural,balcony door handle is slightly loose when turning. Please resolve this quickly.,Hostel E Room 501,low
3392,other,severe allergic reaction / anaphylaxis emergency in dining hall. Affecting multiple students.,Hostel E Room 501,high
2849,security,id card scanner at turnstile takes 2 attempts to read card. Reported this earlier today.,Hostel D Terrace Access,low
2533,sanitation,mirror in bathroom has water stains and needs wiping. Reported this earlier today.,Hostel D Server Rack Room,low
2388,structural,staircase concrete step cracked in half and unstable under foot traffic. Please resolve this quickly.,Main Auditorium Hall B,medium
1777,network,local area network down for all rooms on the west corridor. Affecting multiple students.,Hostel C Basement Study Room,medium
2960,security,perimeter fence wire cut behind hostel sports ground,Main Auditorium Hall B,medium
2362,structural,Main corridor entrance glass door cracked and rattling in high wind. very concerning situation.,Hostel D Server Rack Room,medium
1862,network,"complete blackout of all communication channels, internet and VoIP down campus-wide",Academic Block 1 Room 101,high
1393,plumbing,Faucet aerator in pantry has slight leak around the joint,Hostel B Room 214,low
3291,other,honeybee or wasp nest building up under 3rd floor window ledge,Hostel D Room 412,medium
2136,fire_safety,"flames visible from waste disposal chute on ground floor, spreading fast. Very concerning situation.",Hostel C Staircase,high
1606,network,speed test shows 5 Mbps instead of usual 50 Mbps in our room,Hostel B Room 214,low
2428,structural,"staircase railing completely detached and fallen, open drop from 4th floor",Gymnasium Locker Room,high
1825,network,campus-wide network and core firewall crash during online placement exams. Please send someone to check as soon as possible.,Hostel D Room 412,high
1669,network,Intermittent ping spikes while playing online educational tutorials,Hostel C Basement Study Room,low
3129,other,lost jacket hanging on corridor coat rack. Please send someone to check as soon as possible.,Library 2nd Floor Reading Hall,low
2366,structural,main corridor entrance glass door cracked and rattling in high wind,Library 2nd Floor Reading Hall,medium
3055,security,critical security breach: master key stolen and unauthorized access to student rooms. Affecting multiple students.,Academic Block 1 Room 101,high
2039,fire_safety,fire extinguisher missing from its designated wall bracket on floor 3. Affecting multiple students.,Hostel B Main Electrical Room,medium
1616,network,speed test shows 5 Mbps instead of usual 50 Mbps in our room. Happening since last night.,Library 2nd Floor Reading Hall,low
2844,security,Bicycle rack outside hostel has one loose bolt on stand. please send someone to check as soon as possible.,Hostel A Floor 2 Washroom,low
2475,structural,corridor floor slab sagging and separating from main wall joint. Noticeable smell and noise.,Library 2nd Floor Reading Hall,high
1256,electrical,severe electrical burn smell and active sparks from air conditioner unit. Needs urgent inspection.,Hostel C Room 305,high
2737,sanitation,massive black toxic mold infestation causing breathing difficulties for entire wing,Hostel A Dining Hall,high
2359,structural,corridor window frame loosened from concrete wall structure. Affecting multiple students.,Main Auditorium Hall B,medium
2980,security,electronic biometric access door stuck in open position allowing anyone entry,Hostel B Corridor 3rd Floor,medium
3235,other,stray dog entered hostel corridor and growling at students passing by,Hostel D Terrace Access,medium
3242,other,Honeybee or wasp nest building up under 3rd floor window ledge,Academic Block 1 Room 101,medium
2886,security,Security mirror at staircase corner is slightly tilted. happening since last night.,Gymnasium Locker Room,low
3048,security,"shots or explosive sounds heard near perimeter fence, lockdown initiated",Hostel B Corridor 3rd Floor,high
2944,security,security CCTV camera on 2nd floor corridor is offline with black screen. Please send someone to check as soon as possible.,Central Canteen Kitchen Area,medium
1144,electrical,Two sockets in room 214 have completely stopped providing power,Academic Block 1 Room 101,medium
1884,network,primary fiber optic uplink cable severed during construction outside hostel,Hostel D Room 412,high
1746,network,No internet connection in entire block b while other blocks are fine. affecting multiple students.,Hostel E Water Tank Area,medium
3194,other,campus bus schedule poster is outdated and needs update. Very concerning situation.,Hostel B Room 214,low
2374,structural,staircase concrete step cracked in half and unstable under foot traffic,Hostel C Staircase,medium
2510,sanitation,recycling bin overflowing with empty cardboard boxes. Needs urgent inspection.,Hostel C Room 305,low
2520,sanitation,dustbin in common corridor is full and needs daily emptying,Hostel C Room 305,low
2926,security,night security guard post abandoned during late shift hours,Hostel B Room 214,medium
2474,structural,"external facade wall collapse crushing walkway below, immediate evacuation required",Hostel A Ground Floor Lobby,high
2407,structural,"large section of concrete ceiling collapsed into room 214, debris on bed. Please send someone to check as soon as possible.",Hostel B Corridor 3rd Floor,high
2103,fire_safety,major electrical fire spreading along cable tray across residential floor,Central Canteen Kitchen Area,high
2652,sanitation,"kitchen waste disposal clogged, attracting stray animals near entrance. Happening since last night.",Hostel B Main Electrical Room,medium
2896,security,corridor security camera dome cover is dusty. Needs urgent inspection.,Hostel D Cafeteria,low
2065,fire_safety,fire extinguisher missing from its designated wall bracket on floor 3,Hostel E Water Tank Area,medium
1004,electrical,"Wall plug in room works but looks slightly worn out, please inspect when free. very concerning situation.",Library 2nd Floor Reading Hall,low
2979,security,night security guard post abandoned during late shift hours. Very concerning situation.,Central Canteen Kitchen Area,medium
3199,other,notice board glass in lobby has finger smudges. Please send someone to check as soon as possible.,Hostel D Room 412,low
1091,electrical,"study table socket cover plate is loose, need maintenance check. Needs urgent inspection.",Hostel A Ground Floor Lobby,low
1522,plumbing,massive water flood on 3rd floor reaching electrical sockets and elevators. Happening since last night.,Hostel E Room 501,high
1390,plumbing,washbasin drain is draining slowly after brushing teeth. Reported this earlier today.,Main Auditorium Hall B,low
2181,fire_safety,"Strong gas leak detected near mess kitchen cylinder bank, hissing sound and heavy smell",Hostel C Room 305,high
2843,security,locker padlock key feels slightly worn out. Very concerning situation.,Hostel F Room 118,low
1789,network,"core floor switch unresponsive, student exams affected. Please resolve this quickly.",Library 2nd Floor Reading Hall,medium
2995,security,emergency security phone box on campus pathway broken and unresponsive,Hostel D Terrace Access,medium
2048,fire_safety,fire hose pipe nozzle cracked and leaking during weekly pressure test. Please send someone to check as soon as possible.,Hostel E Room 501,medium
2242,structural,floor tile in corner of room has slight chip on corner,Hostel C Staircase,low
1894,network,"complete blackout of all communication channels, internet and VoIP down campus-wide",Hostel B Corridor 3rd Floor,high
1643,network,periodic minor disconnects during late night hours. Noticeable smell and noise.,Hostel B Main Electrical Room,low
2611,sanitation,severe rodent problem in ground floor storage room chewing cables. Please send someone to check as soon as possible.,Hostel B Room 214,medium
2493,structural,building foundation wall cracked with noticeable tilt in hostel wing B,Hostel D Terrace Access,high
1708,network,"core floor switch unresponsive, student exams affected",Hostel E Room 501,medium
1890,network,network core failure disabling campus biometric security gates and CCTV stream. Reported this earlier today.,Hostel B Room 214,high
2222,structural,room door needs a stopper installed to prevent banging. Students are worried about safety.,Hostel C Wing West Common Area,low
1223,electrical,heavy smoke and crackling sparks coming from distribution panel in wing B,Hostel C Staircase,high
1079,electrical,Reading light bulb needs replacement in the study room,Hostel B Room 214,low
1544,plumbing,"main supply line cracked wide open, stairs transformed into water cascade",Hostel A Floor 2 Washroom,high
3169,other,whiteboard marker dried out in discussion room. Happening since last night.,Hostel E Water Tank Area,low
2190,fire_safety,"active building fire with heavy smoke, emergency evacuation underway",Hostel E Water Tank Area,high
1366,plumbing,shower head has slightly low water pressure in room washroom. Needs urgent inspection.,Central Canteen Kitchen Area,low
1535,plumbing,"uncontrolled high pressure water gushing from main riser pipe, rooms submerged. Very concerning situation.",Hostel E Water Tank Area,high
2988,security,multiple room padlocks tampered with during semester break,Hostel A Ground Floor Lobby,medium
2797,sanitation,"toxic sewer gas backup filling residential wing, multiple students feeling nauseous",Library 2nd Floor Reading Hall,high
1237,electrical,"Sparks and black smoke coming from main switchboard in corridor, urgent. please resolve this quickly.",Central Canteen Kitchen Area,high
1057,electrical,"study table socket cover plate is loose, need maintenance check",Hostel A Floor 2 Washroom,low
2924,security,multiple room padlocks tampered with during semester break. Reported this earlier today.,Library 2nd Floor Reading Hall,medium
1679,network,printer on floor network is occasionally unreachable,Hostel C Wing West Common Area,low
2099,fire_safety,fire alarm panel beeping continuously with yellow fault warning light. Very concerning situation.,Central Canteen Kitchen Area,medium
2728,sanitation,severe biological hazard with toxic sewage backing up into all ground floor washrooms,Main Auditorium Hall B,high
2392,structural,deep diagonal crack appearing along corridor wall growing over last 2 weeks,Hostel D Terrace Access,medium
1819,network,"Catastrophic network outage across entire institution, security systems offline",Hostel D Terrace Access,high
2044,fire_safety,fire exit route obstructed by heavy storage boxes,Gymnasium Locker Room,medium
2314,structural,Large chunks of plaster fell from ceiling onto study table while room was empty,Hostel C Wing West Common Area,medium
1720,network,Local area network down for all rooms on the west corridor,Hostel C Staircase,medium
3309,other,"Passenger elevator cable snapped and safety brake engaged, 4 students trapped inside in darkness",Hostel B Room 214,high
2584,sanitation,housekeeping missed morning sweeping in wing C corridor. Very concerning situation.,Hostel D Cafeteria,low
2981,security,"room door lock mechanism broken, door cannot be securely locked from outside",Hostel A Dining Hall,medium
1143,electrical,"Frequent voltage fluctuations noticed across floor 2, appliances turning off. needs urgent inspection.",Hostel E Water Tank Area,medium
2771,sanitation,burst main septic chamber overflowing across hostel perimeter,Hostel A Floor 2 Washroom,high
1571,plumbing,Sewage pipe burst with toxic foul water overflowing across hostel hallway. kindly update ticket status once inspected.,Gymnasium Locker Room,high
1673,network,guest wifi login portal page takes long time to load,Hostel A Ground Floor Lobby,low
1817,network,network core failure disabling campus biometric security gates and CCTV stream,Hostel C Basement Study Room,high
1396,plumbing,washbasin drain is draining slowly after brushing teeth,Hostel B Room 214,low
2352,structural,false ceiling panel sagging downward in common study room,Hostel E Room 501,medium
1049,electrical,Study lamp switch is a bit loose and sometimes requires multiple clicks to turn on,Hostel C Wing West Common Area,low
3279,other,washing machine in laundry room vibrating violently and leaking soapy water,Hostel B Main Electrical Room,medium
1467,plumbing,drain pipe clogged and water backing up into bathroom stall,Hostel A Floor 2 Washroom,medium
2785,sanitation,"main sewage line ruptured inside hostel corridor, raw sewage flooding rooms",Hostel B Corridor 3rd Floor,high
2629,sanitation,sanitation duct overflowing with gray water into rear courtyard. Students are worried about safety.,Hostel E Water Tank Area,medium
2681,sanitation,Garbage pile uncollected for 4 days outside hostel block attracting flies,Hostel B Balcony,medium
1626,network,campus intranet portal loading slowly on mobile devices,Hostel E Room 501,low
1717,network,"entire wing unable to connect to campus wifi, obtaining IP address error",Hostel B Corridor 3rd Floor,medium
3223,other,stray dog entered hostel corridor and growling at students passing by,Hostel F Room 118,medium
2881,security,door peephole on room door is scratched and foggy,Hostel B Balcony,low
2673,sanitation,sanitation duct overflowing with gray water into rear courtyard. Please resolve this quickly.,Library 2nd Floor Reading Hall,medium
1409,plumbing,"pipe joint cracked in common washroom, water spraying onto wall. Kindly update ticket status once inspected.",Hostel A Floor 2 Washroom,medium
1456,plumbing,toilet flush mechanism broken and overflowing into drainage pan,Main Auditorium Hall B,medium
3138,other,campus bus schedule poster is outdated and needs update. Happening since last night.,Hostel D Server Rack Room,low
2759,sanitation,"dead animal decomposing in central water supply storage tank, water contaminated. Reported this earlier today.",Hostel D Room 412,high
3257,other,"refrigerator in common kitchen not cooling, student food spoiling. Needs urgent inspection.",Hostel B Room 214,medium
2787,sanitation,hazardous medical or chemical waste dumped illegally behind residential block. Please send someone to check as soon as possible.,Hostel F Room 118,high
1784,network,"entire wing unable to connect to campus wifi, obtaining IP address error",Academic Block 1 Room 101,medium
3195,other,room curtain rod bracket is slightly bent,Hostel A Floor 2 Washroom,low
2437,structural,corridor floor slab sagging and separating from main wall joint,Central Canteen Kitchen Area,high
2613,sanitation,garbage pile uncollected for 4 days outside hostel block attracting flies,Hostel C Staircase,medium
3347,other,"roof water tank collapsed through ceiling into top floor rooms, students trapped",Hostel E Room 501,high
1547,plumbing,sewage pipe burst with toxic foul water overflowing across hostel hallway,Hostel A Ground Floor Lobby,high
1509,plumbing,sewage pipe burst with toxic foul water overflowing across hostel hallway. Please resolve this quickly.,Hostel B Corridor 3rd Floor,high
2661,sanitation,waste disposal bin broken and spilling contaminated waste into corridor. Please send someone to check as soon as possible.,Hostel C Basement Study Room,medium
2506,sanitation,stray leaves accumulated outside hostel entrance doorway,Hostel D Server Rack Room,low
2770,sanitation,"uncontrolled pest and pathogen outbreak in dining hall kitchen, critical health risk",Hostel C Room 305,high
2372,structural,"balcony safety railing is loose and wobbles when pushed, dangerous for students",Hostel E Room 501,medium
3167,other,bookshelf in common area needs reorganizing. Please send someone to check as soon as possible.,Main Auditorium Hall B,low
1844,network,"main fiber backbone disconnected, total campus disconnection from internet",Main Auditorium Hall B,high
2907,security,electronic biometric access door stuck in open position allowing anyone entry. Please send someone to check as soon as possible.,Hostel E Room 501,medium
2603,sanitation,waste disposal bin broken and spilling contaminated waste into corridor,Hostel A Floor 2 Washroom,medium
2361,structural,large chunks of plaster fell from ceiling onto study table while room was empty. Please resolve this quickly.,Hostel B Balcony,medium
1735,network,network switch in floor corridor making loud clicking noise and offline. Students are worried about safety.,Academic Block 1 Room 101,medium
1102,electrical,intermittent power cut in entire wing while other wings have electricity. Reported this earlier today.,Hostel D Cafeteria,medium
2689,sanitation,black mold spreading rapidly along damp bathroom walls and ceiling. Noticeable smell and noise.,Hostel B Balcony,medium
1726,network,no internet connection in entire block B while other blocks are fine. Kindly update ticket status once inspected.,Library 2nd Floor Reading Hall,medium
1666,network,wifi signal drops to 2 bars near balcony area. Reported this earlier today.,Hostel B Balcony,low
1970,fire_safety,plastic cover on emergency break-glass box is cracked,Hostel A Dining Hall,low
1634,network,guest wifi login portal page takes long time to load,Hostel B Main Electrical Room,low
3171,other,lost jacket hanging on corridor coat rack,Hostel A Dining Hall,low
2449,structural,roof concrete slab cracking open with pieces falling into top floor rooms. Happening since last night.,Gymnasium Locker Room,high
1422,plumbing,foul smelling dirty water coming out from tap in hostel wing,Hostel F Room 118,medium
2023,fire_safety,fire extinguisher missing from its designated wall bracket on floor 3,Hostel C Wing West Common Area,medium
1861,network,"ransomware or malicious attack suspected, all gateway routers failing simultaneously. Reported this earlier today.",Hostel D Terrace Access,high
2466,structural,major structural pillar in basement shows wide cracks and exposed rebar buckling,Hostel E Water Tank Area,high
1164,electrical,power socket feels warm to the touch after using for an hour. Noticeable smell and noise.,Main Auditorium Hall B,medium
2494,structural,major structural pillar in basement shows wide cracks and exposed rebar buckling,Hostel F Room 118,high
2263,structural,small chip in stair tread edge on ground floor landing,Hostel D Terrace Access,low
1172,electrical,wire casing near the switchboard appears loose and cracked. Affecting multiple students.,Hostel B Balcony,medium
1523,plumbing,massive water flood on 3rd floor reaching electrical sockets and elevators. Noticeable smell and noise.,Hostel D Room 412,high
2761,sanitation,"toxic sewer gas backup filling residential wing, multiple students feeling nauseous",Hostel D Terrace Access,high
1607,network,wifi speed is slower than usual in the corner of room 214,Hostel C Staircase,low
2513,sanitation,Mirror in bathroom has water stains and needs wiping. needs urgent inspection.,Hostel D Terrace Access,low
1148,electrical,two sockets in room 214 have completely stopped providing power,Hostel D Cafeteria,medium
1611,network,ethernet port in room has a loose latch but connection works,Library 2nd Floor Reading Hall,low
3179,other,room curtain rod bracket is slightly bent,Gymnasium Locker Room,low
3256,other,"refrigerator in common kitchen not cooling, student food spoiling",Hostel D Room 412,medium
1040,electrical,"wall plug in room works but looks slightly worn out, please inspect when free",Hostel D Terrace Access,low
2752,sanitation,severe biological hazard with toxic sewage backing up into all ground floor washrooms,Hostel A Ground Floor Lobby,high
2810,security,room door key is slightly sticky in the lock cylinder. Kindly update ticket status once inspected.,Hostel E Room 501,low
3263,other,elevator getting stuck between floors 2 and 3 intermittently. Reported this earlier today.,Hostel A Ground Floor Lobby,medium
2073,fire_safety,fire hose pipe nozzle cracked and leaking during weekly pressure test,Hostel C Room 305,medium
1536,plumbing,flooding in basement electrical substation from burst storm drain pipe. Affecting multiple students.,Hostel B Room 214,high
2367,structural,heavy water seepage causing wall to bulge and paint to peel severely,Hostel C Staircase,medium
1015,electrical,"study table socket cover plate is loose, need maintenance check",Library 2nd Floor Reading Hall,low
1181,electrical,sparking sound heard when inserting 3-pin laptop adapter into wall socket. Please send someone to check as soon as possible.,Hostel E Room 501,medium
2134,fire_safety,"flames visible from waste disposal chute on ground floor, spreading fast",Hostel F Room 118,high
3198,other,notice board glass in lobby has finger smudges,Hostel A Ground Floor Lobby,low
1379,plumbing,sink drain strainer missing causing slow water flow. Very concerning situation.,Hostel A Room 102,low
1209,electrical,main circuit breaker exploded with loud bang and continuous sparks. Please send someone to check as soon as possible.,Hostel D Terrace Access,high
2029,fire_safety,corridor fire alarm strobe light not activating during system test,Hostel D Terrace Access,medium
3258,other,gym equipment cable frayed and snapping during use,Hostel D Server Rack Room,medium
3071,security,"student assaulted in hostel staircase, immediate security and medical dispatch required. Please resolve this quickly.",Hostel B Balcony,high
2082,fire_safety,hydrant valve leaking water into the emergency staircase landing. Kindly update ticket status once inspected.,Hostel C Staircase,medium
1834,network,"ransomware or malicious attack suspected, all gateway routers failing simultaneously",Hostel C Wing West Common Area,high
2405,structural,"severe structural compromise, beam cracking loudly above dining hall. Reported this earlier today.",Main Auditorium Hall B,high
1863,network,"complete blackout of all communication channels, internet and VoIP down campus-wide. Very concerning situation.",Hostel D Cafeteria,high
2155,fire_safety,explosion sound followed by fire in chemical storage room near lab. Students are worried about safety.,Hostel B Balcony,high
2116,fire_safety,emergency fire exit completely blocked while fire is spreading in staircase. Reported this earlier today.,Hostel A Floor 2 Washroom,high
3371,other,"critical medical crisis: student injured with heavy bleeding, urgent first aid needed",Hostel E Room 501,high
1439,plumbing,washroom drain blocked with accumulated debris causing ankle-deep puddle,Gymnasium Locker Room,medium
1473,plumbing,"No running water on entire 2nd floor since morning, tanks appear empty",Hostel B Main Electrical Room,medium
3362,other,"student medical emergency: unconscious student having seizure in room 305, ambulance needed",Hostel D Server Rack Room,high
1551,plumbing,flooding in basement electrical substation from burst storm drain pipe,Library 2nd Floor Reading Hall,high
1425,plumbing,toilet flush mechanism broken and overflowing into drainage pan,Hostel B Balcony,medium
2227,structural,room door needs a stopper installed to prevent banging,Hostel C Staircase,low
1033,electrical,"wall plug in room works but looks slightly worn out, please inspect when free",Hostel A Dining Hall,low
2240,structural,Wooden study desk drawer sticks when opening. needs urgent inspection.,Hostel C Basement Study Room,low
3232,other,student trapped inside study room due to jammed door knob. Kindly update ticket status once inspected.,Library 2nd Floor Reading Hall,medium
1647,network,Dns lookup seems slightly delayed on hostel subnet,Hostel A Room 102,low
2168,fire_safety,"flames visible from waste disposal chute on ground floor, spreading fast. Please resolve this quickly.",Hostel D Cafeteria,high
2514,sanitation,recycling bin overflowing with empty cardboard boxes,Hostel B Room 214,low
2001,fire_safety,emergency exit staircase blocked by discarded furniture and old mattresses. Noticeable smell and noise.,Hostel B Main Electrical Room,medium
1282,electrical,severe electrical burn smell and active sparks from air conditioner unit. Noticeable smell and noise.,Hostel A Ground Floor Lobby,high
2430,structural,"external facade wall collapse crushing walkway below, immediate evacuation required",Central Canteen Kitchen Area,high
1543,plumbing,water entering room through light fixtures from flooded floor above,Hostel A Dining Hall,high
3161,other,lost jacket hanging on corridor coat rack. Needs urgent inspection.,Hostel A Floor 2 Washroom,low
3073,security,"armed intruder or violent trespasser reported inside hostel block, lockdown needed",Hostel D Room 412,high
1874,network,network core failure disabling campus biometric security gates and CCTV stream,Hostel C Basement Study Room,high
1301,plumbing,mild condensation on cold water pipe beneath the washbasin,Hostel A Floor 2 Washroom,low
1410,plumbing,"no running water on entire 2nd floor since morning, tanks appear empty",Hostel D Terrace Access,medium
2878,security,Door peephole on room door is scratched and foggy. affecting multiple students.,Library 2nd Floor Reading Hall,low
1039,electrical,"study table socket cover plate is loose, need maintenance check",Hostel B Room 214,low
1298,electrical,heavy smoke and crackling sparks coming from distribution panel in wing B,Library 2nd Floor Reading Hall,high
3131,other,room curtain rod bracket is slightly bent. Reported this earlier today.,Central Canteen Kitchen Area,low
2873,security,intercom phone to main guard gate has slight static noise,Hostel A Ground Floor Lobby,low
2229,structural,Floor tile in corner of room has slight chip on corner,Hostel B Room 214,low
1537,plumbing,burst main water pipe flooding corridor and seeping into student rooms. Needs urgent inspection.,Central Canteen Kitchen Area,high
2622,sanitation,garbage pile uncollected for 4 days outside hostel block attracting flies. Needs urgent inspection.,Hostel B Corridor 3rd Floor,medium
2088,fire_safety,corridor fire alarm strobe light not activating during system test,Hostel C Room 305,medium
1978,fire_safety,dust accumulated on corridor smoke sensor casing,Hostel A Dining Hall,low
2287,structural,balcony door handle is slightly loose when turning,Hostel B Room 214,low
1837,network,campus-wide network and core firewall crash during online placement exams,Hostel A Room 102,high
2069,fire_safety,fire alarm panel beeping continuously with yellow fault warning light,Hostel E Room 501,medium
2296,structural,small hairline crack on bedroom plaster near the window sill,Academic Block 1 Room 101,low
2718,sanitation,severe contamination of drinking water system with sewage infiltration,Hostel C Basement Study Room,high
1336,plumbing,slow drip from flush tank valve into the commode. Affecting multiple students.,Hostel B Balcony,low
1163,electrical,"room circuit tripped twice while running iron and laptop, power cutoff in our room",Hostel D Terrace Access,medium
2009,fire_safety,fire extinguisher missing from its designated wall bracket on floor 3. Students are worried about safety.,Hostel D Server Rack Room,medium
1492,plumbing,drain pipe clogged and water backing up into bathroom stall,Hostel C Basement Study Room,medium
2654,sanitation,Waste disposal bin broken and spilling contaminated waste into corridor,Hostel A Ground Floor Lobby,medium
1964,fire_safety,fire extinguisher inspection tag in hallway expired last month,Library 2nd Floor Reading Hall,low
1279,electrical,severe electrical burn smell and active sparks from air conditioner unit,Hostel B Corridor 3rd Floor,high
1281,electrical,"sparks and black smoke coming from main switchboard in corridor, urgent",Main Auditorium Hall B,high
1762,network,access point blinking red light and rejecting all authentication attempts,Hostel A Floor 2 Washroom,medium
1329,plumbing,water tap in washroom leaks a few drops every minute,Central Canteen Kitchen Area,low
3081,security,"armed intruder or violent trespasser reported inside hostel block, lockdown needed",Library 2nd Floor Reading Hall,high
1233,electrical,live wire snapped and touching metallic railing on staircase,Hostel E Water Tank Area,high
1645,network,wifi speed is slower than usual in the corner of room 214,Hostel C Wing West Common Area,low
3060,security,kidnapping or severe security threat reported on campus grounds,Hostel A Dining Hall,high
2953,security,Multiple room padlocks tampered with during semester break,Hostel B Room 214,medium
1206,electrical,"water leaking directly onto open electrical switchboard, sparking vigorously",Hostel A Ground Floor Lobby,high
1235,electrical,Student got electrical shock from metallic water cooler body on floor 2,Hostel D Terrace Access,high
2285,structural,small chip in stair tread edge on ground floor landing. Students are worried about safety.,Hostel B Corridor 3rd Floor,low
1250,electrical,Heavy smoke and crackling sparks coming from distribution panel in wing b. reported this earlier today.,Gymnasium Locker Room,high
1240,electrical,"exposed live wire hanging near wet washroom entrance, serious shock hazard",Library 2nd Floor Reading Hall,high
1892,network,Campus-wide network and core firewall crash during online placement exams,Hostel E Water Tank Area,high
2216,structural,skirting board along corridor wall is coming loose,Hostel D Terrace Access,low
1778,network,"core floor switch unresponsive, student exams affected",Academic Block 1 Room 101,medium
1635,network,printer on floor network is occasionally unreachable. Needs urgent inspection.,Hostel A Floor 2 Washroom,low
2994,security,unauthorized trespasser seen wandering hostel corridors without visitor badge,Hostel D Room 412,medium
2733,sanitation,massive black toxic mold infestation causing breathing difficulties for entire wing,Hostel A Ground Floor Lobby,high
2169,fire_safety,major electrical fire spreading along cable tray across residential floor. Noticeable smell and noise.,Hostel C Room 305,high
2864,security,room door key is slightly sticky in the lock cylinder,Hostel C Room 305,low
2087,fire_safety,strong burning paper or wood smell in courtyard with smoke source unknown,Hostel C Basement Study Room,medium
2600,sanitation,housekeeping missed morning sweeping in wing C corridor. Affecting multiple students.,Hostel B Corridor 3rd Floor,low
1009,electrical,study lamp switch is a bit loose and sometimes requires multiple clicks to turn on,Hostel F Room 118,low
2553,sanitation,Cobwebs gathered in corner of ceiling in hallway. please send someone to check as soon as possible.,Hostel A Ground Floor Lobby,low
1675,network,guest wifi login portal page takes long time to load. Please send someone to check as soon as possible.,Main Auditorium Hall B,low
1241,electrical,"sparks and black smoke coming from main switchboard in corridor, urgent",Hostel C Wing West Common Area,high
2643,sanitation,severe rodent problem in ground floor storage room chewing cables. Noticeable smell and noise.,Hostel C Staircase,medium
1876,network,"data center core switch overheating and shutdown, all emergency lines down",Hostel C Wing West Common Area,high
2972,security,"theft reported from unattended room on floor 3, laptop and wallet stolen. Noticeable smell and noise.",Gymnasium Locker Room,medium
2990,security,unauthorized trespasser seen wandering hostel corridors without visitor badge,Hostel B Room 214,medium
2665,sanitation,cockroach and pest infestation noticed in pantry cabinets and floor washroom. Please resolve this quickly.,Hostel A Floor 2 Washroom,medium
1682,network,wifi speed is slower than usual in the corner of room 214,Library 2nd Floor Reading Hall,low
1969,fire_safety,routine inspection needed for fire extinguisher pressure gauge in lobby,Hostel C Room 305,low
1383,plumbing,mild condensation on cold water pipe beneath the washbasin. Reported this earlier today.,Central Canteen Kitchen Area,low
1061,electrical,light switch in corridor is stiff to press. Very concerning situation.,Hostel C Basement Study Room,low
1208,electrical,main circuit breaker exploded with loud bang and continuous sparks,Hostel D Room 412,high
1402,plumbing,washroom drain blocked with accumulated debris causing ankle-deep puddle. Kindly update ticket status once inspected.,Hostel A Dining Hall,medium
2816,security,bicycle rack outside hostel has one loose bolt on stand,Library 2nd Floor Reading Hall,low
1309,plumbing,"tap slowly dripping in bathroom sink, bucket placed underneath",Hostel E Room 501,low
2024,fire_safety,fire hose pipe nozzle cracked and leaking during weekly pressure test,Hostel D Server Rack Room,medium
2895,security,door peephole on room door is scratched and foggy,Hostel F Room 118,low
3211,other,gym equipment cable frayed and snapping during use,Hostel D Room 412,medium
1752,network,"entire wing unable to connect to campus wifi, obtaining IP address error",Hostel B Corridor 3rd Floor,medium
3391,other,"passenger elevator cable snapped and safety brake engaged, 4 students trapped inside in darkness. Very concerning situation.",Main Auditorium Hall B,high
1575,plumbing,severe structural flooding threatening server room on ground floor,Academic Block 1 Room 101,high
2838,security,bicycle rack outside hostel has one loose bolt on stand,Hostel D Terrace Access,low
3203,other,loud screeching noise from ventilation shaft disrupting sleep. Happening since last night.,Central Canteen Kitchen Area,medium
1785,network,network switch in floor corridor making loud clicking noise and offline,Hostel C Room 305,medium
2019,fire_safety,fire alarm panel beeping continuously with yellow fault warning light. Kindly update ticket status once inspected.,Hostel B Main Electrical Room,medium
1448,plumbing,washroom drain blocked with accumulated debris causing ankle-deep puddle,Hostel C Basement Study Room,medium
2390,structural,Main corridor entrance glass door cracked and rattling in high wind. kindly update ticket status once inspected.,Central Canteen Kitchen Area,medium
2650,sanitation,Sewage smell rising from multiple bathroom drains on 2nd floor. affecting multiple students.,Hostel F Room 118,medium
1249,electrical,"Active electrical fire in junction box near room 305, burning plastic smell and flames",Hostel E Room 501,high
1404,plumbing,water supply completely cut off to floor 4 bathrooms for 6 hours. Kindly update ticket status once inspected.,Library 2nd Floor Reading Hall,medium
1222,electrical,main circuit breaker exploded with loud bang and continuous sparks,Hostel B Main Electrical Room,high
2913,security,security CCTV camera on 2nd floor corridor is offline with black screen. Very concerning situation.,Hostel D Room 412,medium
2684,sanitation,waste disposal bin broken and spilling contaminated waste into corridor. Please send someone to check as soon as possible.,Hostel D Terrace Access,medium
2735,sanitation,"toxic sewer gas backup filling residential wing, multiple students feeling nauseous",Hostel F Room 118,high
2452,structural,corridor floor slab sagging and separating from main wall joint. Happening since last night.,Hostel D Server Rack Room,high
2766,sanitation,hazardous medical or chemical waste dumped illegally behind residential block. Happening since last night.,Hostel E Room 501,high
1398,plumbing,shower head has slightly low water pressure in room washroom,Hostel A Floor 2 Washroom,low
1387,plumbing,faucet aerator in pantry has slight leak around the joint,Hostel D Cafeteria,low
1780,network,"Core floor switch unresponsive, student exams affected",Hostel D Cafeteria,medium
2668,sanitation,cockroach and pest infestation noticed in pantry cabinets and floor washroom. Noticeable smell and noise.,Hostel B Corridor 3rd Floor,medium
2938,security,perimeter fence wire cut behind hostel sports ground. Please send someone to check as soon as possible.,Hostel C Room 305,medium
1996,fire_safety,plastic cover on emergency break-glass box is cracked. Students are worried about safety.,Hostel B Balcony,low
2937,security,ground floor window security grill loose and screws removed. Needs urgent inspection.,Hostel A Floor 2 Washroom,medium
1542,plumbing,"main supply line cracked wide open, stairs transformed into water cascade. Please send someone to check as soon as possible.",Gymnasium Locker Room,high
1878,network,"complete blackout of all communication channels, internet and VoIP down campus-wide",Hostel D Cafeteria,high
2989,security,unauthorized trespasser seen wandering hostel corridors without visitor badge. Reported this earlier today.,Hostel D Cafeteria,medium
2141,fire_safety,"strong gas leak detected near mess kitchen cylinder bank, hissing sound and heavy smell",Hostel A Floor 2 Washroom,high
1975,fire_safety,plastic cover on emergency break-glass box is cracked. Students are worried about safety.,Academic Block 1 Room 101,low
3106,other,campus bus schedule poster is outdated and needs update. Students are worried about safety.,Hostel A Dining Hall,low
3220,other,washing machine in laundry room vibrating violently and leaking soapy water. Needs urgent inspection.,Hostel A Floor 2 Washroom,medium
2354,structural,heavy water seepage causing wall to bulge and paint to peel severely,Hostel C Room 305,medium
1129,electrical,"room circuit tripped twice while running iron and laptop, power cutoff in our room",Hostel D Room 412,medium
1277,electrical,Student got electrical shock from metallic water cooler body on floor 2,Hostel D Terrace Access,high
1938,fire_safety,routine inspection needed for fire extinguisher pressure gauge in lobby,Hostel D Server Rack Room,low
1242,electrical,live wire snapped and touching metallic railing on staircase. Needs urgent inspection.,Hostel D Server Rack Room,high
1291,electrical,"water leaking directly onto open electrical switchboard, sparking vigorously. Reported this earlier today.",Hostel C Wing West Common Area,high
1030,electrical,power outlet feels a little loose when plugging in laptop charger. Needs urgent inspection.,Library 2nd Floor Reading Hall,low
3379,other,toxic fume release from basement laboratory drifting into student dorms. Please resolve this quickly.,Hostel E Room 501,high
1943,fire_safety,routine inspection needed for fire extinguisher pressure gauge in lobby. Reported this earlier today.,Hostel B Room 214,low
1087,electrical,light switch in corridor is stiff to press. Please resolve this quickly.,Hostel A Dining Hall,low
2385,structural,deep diagonal crack appearing along corridor wall growing over last 2 weeks. Needs urgent inspection.,Library 2nd Floor Reading Hall,medium
1263,electrical,"sparks and black smoke coming from main switchboard in corridor, urgent",Hostel A Ground Floor Lobby,high
1921,fire_safety,routine inspection needed for fire extinguisher pressure gauge in lobby. Noticeable smell and noise.,Academic Block 1 Room 101,low
2016,fire_safety,fire hose pipe nozzle cracked and leaking during weekly pressure test. Affecting multiple students.,Hostel D Terrace Access,medium
1496,plumbing,Washroom drain blocked with accumulated debris causing ankle-deep puddle,Gymnasium Locker Room,medium
2850,security,Door peephole on room door is scratched and foggy. noticeable smell and noise.,Central Canteen Kitchen Area,low
3120,other,lost jacket hanging on corridor coat rack,Hostel B Main Electrical Room,low
2795,sanitation,burst main septic chamber overflowing across hostel perimeter,Hostel C Room 305,high
2530,sanitation,soap dispenser empty in common washroom. Kindly update ticket status once inspected.,Hostel B Corridor 3rd Floor,low
2635,sanitation,"kitchen waste disposal clogged, attracting stray animals near entrance. Please resolve this quickly.",Hostel B Main Electrical Room,medium
2277,structural,Window latch in room 204 is stiff and needs oiling. kindly update ticket status once inspected.,Hostel A Room 102,low
1824,network,"all core routers offline, mission critical services and monitoring halted",Hostel A Dining Hall,high
3209,other,broken glass bottles scattered across basketball court walkway,Hostel F Room 118,medium
1868,network,"data center core switch overheating and shutdown, all emergency lines down",Hostel A Floor 2 Washroom,high
2734,sanitation,"main sewage line ruptured inside hostel corridor, raw sewage flooding rooms. Please send someone to check as soon as possible.",Gymnasium Locker Room,high
3162,other,bookshelf in common area needs reorganizing. Please send someone to check as soon as possible.,Hostel A Room 102,low
2086,fire_safety,fire alarm panel beeping continuously with yellow fault warning light. Students are worried about safety.,Academic Block 1 Room 101,medium
1677,network,wifi signal drops to 2 bars near balcony area. Reported this earlier today.,Hostel B Main Electrical Room,low
2947,security,Multiple room padlocks tampered with during semester break. students are worried about safety.,Hostel C Staircase,medium
1526,plumbing,sewage pipe burst with toxic foul water overflowing across hostel hallway. Happening since last night.,Hostel B Room 214,high
1516,plumbing,water entering room through light fixtures from flooded floor above,Hostel B Balcony,high
3182,other,bookshelf in common area needs reorganizing,Hostel D Server Rack Room,low
1284,electrical,"active electrical fire in junction box near room 305, burning plastic smell and flames",Hostel B Balcony,high
2991,security,perimeter fence wire cut behind hostel sports ground,Hostel D Server Rack Room,medium
1351,plumbing,Washbasin drain is draining slowly after brushing teeth. needs urgent inspection.,Gymnasium Locker Room,low
3356,other,severe chemical spill in corridor causing eye irritation and breathing distress. Needs urgent inspection.,Hostel A Floor 2 Washroom,high
1987,fire_safety,smoke detector green indicator LED is not blinking in room 104,Hostel A Room 102,low
1238,electrical,heavy smoke and crackling sparks coming from distribution panel in wing B,Hostel A Ground Floor Lobby,high
1981,fire_safety,dust accumulated on corridor smoke sensor casing. Happening since last night.,Hostel D Room 412,low
2260,structural,floor tile in corner of room has slight chip on corner,Hostel A Floor 2 Washroom,low
2487,structural,building foundation wall cracked with noticeable tilt in hostel wing B. Reported this earlier today.,Hostel C Basement Study Room,high
1459,plumbing,water supply completely cut off to floor 4 bathrooms for 6 hours,Academic Block 1 Room 101,medium
1080,electrical,light switch in corridor is stiff to press,Hostel D Terrace Access,low
3002,security,"violent altercation with weapons reported in common room, students in danger",Hostel E Water Tank Area,high
2328,structural,deep diagonal crack appearing along corridor wall growing over last 2 weeks. Students are worried about safety.,Hostel D Room 412,medium
1003,electrical,study lamp switch is a bit loose and sometimes requires multiple clicks to turn on,Hostel B Room 214,low
3173,other,notice board glass in lobby has finger smudges. Students are worried about safety.,Hostel D Cafeteria,low
3210,other,broken glass bottles scattered across basketball court walkway. Very concerning situation.,Hostel A Room 102,medium
1662,network,periodic minor disconnects during late night hours,Hostel D Terrace Access,low
2532,sanitation,water cooler drip tray needs cleaning and sanitizing. Happening since last night.,Hostel C Wing West Common Area,low
3294,other,Broken glass bottles scattered across basketball court walkway,Hostel A Dining Hall,medium
3382,other,"passenger elevator cable snapped and safety brake engaged, 4 students trapped inside in darkness",Gymnasium Locker Room,high
3270,other,Student trapped inside study room due to jammed door knob,Central Canteen Kitchen Area,medium
2223,structural,small chip in stair tread edge on ground floor landing,Hostel B Main Electrical Room,low
1436,plumbing,continuous leak from rooftop overhead tank overflow pipe flooding balcony. Affecting multiple students.,Hostel E Room 501,medium
3080,security,"Panic alarm triggered in residential wing, active intruder alert",Hostel E Room 501,high
1732,network,"core floor switch unresponsive, student exams affected",Hostel F Room 118,medium
3051,security,"Violent altercation with weapons reported in common room, students in danger. affecting multiple students.",Hostel A Room 102,high
2079,fire_safety,fire hose pipe nozzle cracked and leaking during weekly pressure test. Noticeable smell and noise.,Hostel C Basement Study Room,medium
1014,electrical,room switchboard has a slightly loose switch for the fan,Hostel A Ground Floor Lobby,low
2859,security,Room door key is slightly sticky in the lock cylinder. please resolve this quickly.,Hostel B Main Electrical Room,low
1648,network,guest wifi login portal page takes long time to load,Hostel A Dining Hall,low
2781,sanitation,fecal matter and sewage overflow flooding hallway and entering student living areas. Students are worried about safety.,Hostel F Room 118,high
2203,structural,Minor paint peeling on bathroom ceiling due to steam,Hostel B Balcony,low
3400,other,gas cylinder valve leaking rapidly with loud hissing in cafeteria kitchen,Library 2nd Floor Reading Hall,high
3373,other,"deadly venomous snake sighted inside student room under bed, urgent wildlife rescue. Students are worried about safety.",Hostel D Terrace Access,high
2093,fire_safety,Fire hose pipe nozzle cracked and leaking during weekly pressure test,Hostel D Room 412,medium
3200,other,Notice board glass in lobby has finger smudges. needs urgent inspection.,Hostel A Room 102,low
1470,plumbing,Washroom drain blocked with accumulated debris causing ankle-deep puddle,Gymnasium Locker Room,medium
1048,electrical,minor flicker in hallway lighting during evening hours. Students are worried about safety.,Hostel B Main Electrical Room,low
3267,other,stray dog entered hostel corridor and growling at students passing by,Hostel D Room 412,medium
2030,fire_safety,fire exit route obstructed by heavy storage boxes. Very concerning situation.,Hostel D Terrace Access,medium
3168,other,Lost jacket hanging on corridor coat rack. students are worried about safety.,Hostel C Staircase,low
2918,security,"theft reported from unattended room on floor 3, laptop and wallet stolen. Affecting multiple students.",Library 2nd Floor Reading Hall,medium
2564,sanitation,soap dispenser empty in common washroom. Affecting multiple students.,Hostel C Basement Study Room,low
2577,sanitation,water cooler drip tray needs cleaning and sanitizing,Hostel D Cafeteria,low
1261,electrical,Student got electrical shock from metallic water cooler body on floor 2. please resolve this quickly.,Gymnasium Locker Room,high
2730,sanitation,hazardous medical or chemical waste dumped illegally behind residential block. Please resolve this quickly.,Hostel A Dining Hall,high
1656,network,wifi speed is slower than usual in the corner of room 214,Hostel D Cafeteria,low
1627,network,intermittent ping spikes while playing online educational tutorials. Please resolve this quickly.,Hostel D Terrace Access,low
1450,plumbing,"no running water on entire 2nd floor since morning, tanks appear empty. Very concerning situation.",Hostel D Server Rack Room,medium
1193,electrical,fan regulator is overheating and burning odor coming from switchboard,Hostel B Main Electrical Room,medium
1373,plumbing,Slow drip from flush tank valve into the commode. please resolve this quickly.,Hostel D Server Rack Room,low
3022,security,"shots or explosive sounds heard near perimeter fence, lockdown initiated",Hostel E Water Tank Area,high
3088,security,"hostel main entry doors breached, intruder threatening occupants",Hostel E Room 501,high
1567,plumbing,flooding in basement electrical substation from burst storm drain pipe,Main Auditorium Hall B,high
1899,network,"data center core switch overheating and shutdown, all emergency lines down. Kindly update ticket status once inspected.",Academic Block 1 Room 101,high
2483,structural,"Staircase railing completely detached and fallen, open drop from 4th floor. kindly update ticket status once inspected.",Gymnasium Locker Room,high
2636,sanitation,Cockroach and pest infestation noticed in pantry cabinets and floor washroom. please resolve this quickly.,Hostel D Terrace Access,medium
2755,sanitation,hazardous medical or chemical waste dumped illegally behind residential block,Hostel D Room 412,high
2077,fire_safety,Fire extinguisher missing from its designated wall bracket on floor 3,Hostel D Server Rack Room,medium
3208,other,severe noise disruption from unauthorized party in room late at night. Needs urgent inspection.,Hostel A Dining Hall,medium
3300,other,"refrigerator in common kitchen not cooling, student food spoiling",Hostel E Room 501,medium
2011,fire_safety,smoke detector in corridor sounding false alarms intermittently,Library 2nd Floor Reading Hall,medium
3395,other,major structural ceiling collapse and fire emergency in main hall. Happening since last night.,Gymnasium Locker Room,high
2085,fire_safety,fire exit route obstructed by heavy storage boxes. Noticeable smell and noise.,Gymnasium Locker Room,medium
1586,plumbing,water entering room through light fixtures from flooded floor above. Affecting multiple students.,Hostel B Main Electrical Room,high
2880,security,Visitor sign-in book at security desk is full and needs replacement,Hostel B Balcony,low
2621,sanitation,cockroach and pest infestation noticed in pantry cabinets and floor washroom,Hostel B Main Electrical Room,medium
3045,security,"armed intruder or violent trespasser reported inside hostel block, lockdown needed",Hostel A Dining Hall,high
1871,network,network core failure disabling campus biometric security gates and CCTV stream,Library 2nd Floor Reading Hall,high
2289,structural,skirting board along corridor wall is coming loose,Hostel E Water Tank Area,low
1865,network,"Main fiber backbone disconnected, total campus disconnection from internet",Main Auditorium Hall B,high
1272,electrical,"water leaking directly onto open electrical switchboard, sparking vigorously",Library 2nd Floor Reading Hall,high
2097,fire_safety,fire extinguisher missing from its designated wall bracket on floor 3,Hostel A Ground Floor Lobby,medium
2644,sanitation,stagnant water pool near water purifier breeding mosquitoes,Hostel E Room 501,medium
2293,structural,Balcony door handle is slightly loose when turning,Hostel B Main Electrical Room,low
1132,electrical,corridor lights went dark due to tripped MCB on floor 3,Hostel F Room 118,medium
1939,fire_safety,fire extinguisher inspection tag in hallway expired last month,Hostel A Ground Floor Lobby,low
1230,electrical,heavy smoke and crackling sparks coming from distribution panel in wing B,Hostel A Ground Floor Lobby,high
2329,structural,staircase concrete step cracked in half and unstable under foot traffic. Please send someone to check as soon as possible.,Hostel F Room 118,medium
1900,network,"data center core switch overheating and shutdown, all emergency lines down. Very concerning situation.",Hostel C Basement Study Room,high
3282,other,washing machine in laundry room vibrating violently and leaking soapy water,Hostel B Balcony,medium
2106,fire_safety,emergency fire exit completely blocked while fire is spreading in staircase,Hostel A Room 102,high
2555,sanitation,"minor bad odor from washroom floor drain, needs disinfectant. Needs urgent inspection.",Academic Block 1 Room 101,low
2894,security,visitor sign-in book at security desk is full and needs replacement. Very concerning situation.,Academic Block 1 Room 101,low
1670,network,speed test shows 5 Mbps instead of usual 50 Mbps in our room. Needs urgent inspection.,Hostel C Wing West Common Area,low
2003,fire_safety,fire alarm panel beeping continuously with yellow fault warning light. Please resolve this quickly.,Hostel A Ground Floor Lobby,medium
3188,other,bookshelf in common area needs reorganizing,Hostel D Room 412,low
1701,network,local area network down for all rooms on the west corridor. Noticeable smell and noise.,Gymnasium Locker Room,medium
1293,electrical,"sparks and black smoke coming from main switchboard in corridor, urgent",Hostel E Room 501,high
2094,fire_safety,smoke detector in corridor sounding false alarms intermittently. Please send someone to check as soon as possible.,Hostel A Dining Hall,medium
1859,network,network core failure disabling campus biometric security gates and CCTV stream. Very concerning situation.,Hostel D Terrace Access,high
2456,structural,"large section of concrete ceiling collapsed into room 214, debris on bed. Noticeable smell and noise.",Hostel C Basement Study Room,high
2517,sanitation,cobwebs gathered in corner of ceiling in hallway,Hostel D Server Rack Room,low
1667,network,ethernet port in room has a loose latch but connection works,Hostel D Server Rack Room,low
2495,structural,"Retaining wall behind hostel collapsed following heavy rainfall, soil entering",Gymnasium Locker Room,high
2858,security,door peephole on room door is scratched and foggy. Please send someone to check as soon as possible.,Hostel A Room 102,low
3372,other,severe allergic reaction / anaphylaxis emergency in dining hall,Hostel B Corridor 3rd Floor,high
3366,other,severe allergic reaction / anaphylaxis emergency in dining hall,Hostel C Basement Study Room,high
1414,plumbing,"no running water on entire 2nd floor since morning, tanks appear empty. Noticeable smell and noise.",Library 2nd Floor Reading Hall,medium
1954,fire_safety,emergency exit sign light bulb on floor 1 appears dim,Hostel C Staircase,low
1327,plumbing,"tap slowly dripping in bathroom sink, bucket placed underneath",Hostel C Wing West Common Area,low
2186,fire_safety,"smoke alarm activated, smoke pouring out from closed room 412, occupants trapped",Hostel D Cafeteria,high
1934,fire_safety,emergency exit sign light bulb on floor 1 appears dim. Needs urgent inspection.,Hostel B Main Electrical Room,low
1188,electrical,Power socket feels warm to the touch after using for an hour,Hostel F Room 118,medium
1285,electrical,"sparks and black smoke coming from main switchboard in corridor, urgent. Please send someone to check as soon as possible.",Hostel B Balcony,high
1788,network,DHCP server not assigning IP addresses to students on hostel network. Happening since last night.,Hostel E Water Tank Area,medium
2482,structural,"external facade wall collapse crushing walkway below, immediate evacuation required. Noticeable smell and noise.",Hostel C Basement Study Room,high
2201,structural,wardrobe door hinge is squeaking and slightly misaligned,Hostel D Cafeteria,low
3262,other,elevator getting stuck between floors 2 and 3 intermittently. Students are worried about safety.,Hostel C Room 305,medium
1323,plumbing,washbasin drain is draining slowly after brushing teeth. Students are worried about safety.,Hostel A Dining Hall,low
2551,sanitation,"minor bad odor from washroom floor drain, needs disinfectant",Hostel A Room 102,low
1512,plumbing,Massive water flood on 3rd floor reaching electrical sockets and elevators,Hostel E Water Tank Area,high
3197,other,whiteboard marker dried out in discussion room. Happening since last night.,Hostel C Wing West Common Area,low
2882,security,Room door key is slightly sticky in the lock cylinder,Hostel D Room 412,low
1178,electrical,fan regulator is overheating and burning odor coming from switchboard. Needs urgent inspection.,Hostel A Floor 2 Washroom,medium
2084,fire_safety,emergency exit staircase blocked by discarded furniture and old mattresses,Central Canteen Kitchen Area,medium
2409,structural,"large section of concrete ceiling collapsed into room 214, debris on bed. Students are worried about safety.",Hostel B Main Electrical Room,high
2471,structural,roof concrete slab cracking open with pieces falling into top floor rooms,Hostel A Ground Floor Lobby,high
1397,plumbing,faucet in 3rd floor bathroom needs washer replacement due to slight leak,Hostel C Wing West Common Area,low
2557,sanitation,water cooler drip tray needs cleaning and sanitizing. Students are worried about safety.,Hostel A Dining Hall,low
1380,plumbing,washbasin drain is draining slowly after brushing teeth,Hostel C Wing West Common Area,low
1419,plumbing,toilet flush mechanism broken and overflowing into drainage pan,Hostel B Room 214,medium
2379,structural,large chunks of plaster fell from ceiling onto study table while room was empty. Please resolve this quickly.,Hostel A Ground Floor Lobby,medium
1882,network,"catastrophic network outage across entire institution, security systems offline",Hostel B Balcony,high
1637,network,periodic minor disconnects during late night hours. Affecting multiple students.,Hostel F Room 118,low
2139,fire_safety,"Strong gas leak detected near mess kitchen cylinder bank, hissing sound and heavy smell",Hostel D Terrace Access,high
2394,structural,large chunks of plaster fell from ceiling onto study table while room was empty. Happening since last night.,Hostel B Balcony,medium
2732,sanitation,severe biological hazard with toxic sewage backing up into all ground floor washrooms. Please resolve this quickly.,Hostel C Wing West Common Area,high
1654,network,guest wifi login portal page takes long time to load,Hostel A Ground Floor Lobby,low
1027,electrical,exhaust fan switch in bathroom is stiff and makes a slight click sound,Hostel A Floor 2 Washroom,low
2140,fire_safety,"thick black smoke filling hostel 3rd floor corridor, alarms blaring, evacuation needed. Happening since last night.",Hostel C Room 305,high
2840,security,intercom phone to main guard gate has slight static noise,Hostel A Room 102,low
1903,fire_safety,fire safety instruction poster in corridor is torn and needs replacement,Hostel A Floor 2 Washroom,low
2719,sanitation,"dead animal decomposing in central water supply storage tank, water contaminated",Hostel C Wing West Common Area,high
3233,other,loud screeching noise from ventilation shaft disrupting sleep,Hostel E Water Tank Area,medium
1815,network,"all core routers offline, mission critical services and monitoring halted. Students are worried about safety.",Academic Block 1 Room 101,high
3299,other,student trapped inside study room due to jammed door knob. Noticeable smell and noise.,Hostel C Basement Study Room,medium
1109,electrical,fan regulator is overheating and burning odor coming from switchboard,Hostel A Ground Floor Lobby,medium
3070,security,critical security breach: master key stolen and unauthorized access to student rooms. Please send someone to check as soon as possible.,Hostel E Water Tank Area,high
1953,fire_safety,Hose reel cabinet door latch is stiff to open,Hostel C Basement Study Room,low
1896,network,"Catastrophic network outage across entire institution, security systems offline",Gymnasium Locker Room,high
1384,plumbing,bathroom sink tap handle is a bit tight to turn off completely,Hostel E Water Tank Area,low
1123,electrical,Wire casing near the switchboard appears loose and cracked,Main Auditorium Hall B,medium
1131,electrical,corridor lights went dark due to tripped MCB on floor 3. Please resolve this quickly.,Central Canteen Kitchen Area,medium
2729,sanitation,severe biological hazard with toxic sewage backing up into all ground floor washrooms,Hostel B Room 214,high
1357,plumbing,bathroom sink tap handle is a bit tight to turn off completely,Hostel A Floor 2 Washroom,low
3234,other,elevator getting stuck between floors 2 and 3 intermittently. Very concerning situation.,Hostel B Balcony,medium
1420,plumbing,"pipe joint cracked in common washroom, water spraying onto wall. Kindly update ticket status once inspected.",Hostel B Room 214,medium
1572,plumbing,burst main water pipe flooding corridor and seeping into student rooms. Affecting multiple students.,Hostel D Room 412,high
1915,fire_safety,dust accumulated on corridor smoke sensor casing,Library 2nd Floor Reading Hall,low
2004,fire_safety,fire hose pipe nozzle cracked and leaking during weekly pressure test. Very concerning situation.,Hostel D Cafeteria,medium
2127,fire_safety,fire sprinkler pipe ruptured but no water flowing while flames grow in lounge,Hostel B Balcony,high
1103,electrical,power socket feels warm to the touch after using for an hour,Hostel D Terrace Access,medium
1457,plumbing,"water pipe under sink leaking steady stream, water pooling on floor",Academic Block 1 Room 101,medium
